대주제,중주제,소주제,링크,상세정보
"#다시,함안",체험코스,관광프로그램신청,https://www.haman.go.kr/01833/01835/01836.web,
"#다시,함안",체험코스,체험마을,https://www.haman.go.kr/01833/01835/01837.web,
"#다시,함안",체험코스,추천여행코스,https://www.haman.go.kr/01833/01835/01838.web,
"#다시,함안",체험코스,나의여행스케줄,https://www.haman.go.kr/01833/01835/01839.web,
"#다시,함안",체험코스,나의스탬프보기,https://www.haman.go.kr/01833/01835/01840.web,
함안여행,함안9경,1경,https://www.haman.go.kr/01834/01857/01863.web,"제 1경 함안말이산고분군
해발 60m 안팎의 작은 봉우리들이 2km에 걸쳐 있는 주능선 위에 지름 40.2m의 가야 최대 고분 등 대형봉분이 줄을 지어있다.
서쪽으로 뻗은 가지능선까지 아름다운 경관이 이어지는데, 능선을 따라 곳곳에서 인생사진을 남기는 사람들로 북적인다. 또한 함안박물관에 들러 아라가야의 역사를 알고 오르면 더 큰 감동을 느낄 수 있다.
봄부터 가을까지 다양한 야생화와 들풀을 관찰할 수 있으며, 별자리 덮개돌 발견 이후 별을 관찰하는 행사도 수시로 열린다. 말갑옷, 배모양토기, 집모양토기 등 가야를 대표하는 유물이 출토된 곳이기도 하다."
함안여행,함안9경,2경,https://www.haman.go.kr/01834/01857/01864.web,"제 2경 악양의 꽃길과 노을
전국에서 가장 긴 둑방을 따라 핀 빨간 꽃양귀비(5월)와 코스모스(9월), 둔치에 핀 구절초가 보는 사람의 감성을 한껏 끌어올린다. 울창한 갯버들 숲과 새벽녘 피어나는 물안개가 낭만과 추억을 더하고, 악양루와 악양생태공원에서 바라보는 노을은 또다른 감동을 선사한다.
한 번 타면 잊을 수 없는 경비행기체험, 악양생태공원의 수박 식빵 만들기 체험 등 다양한 추억을 쌓을 수 있다."
함안여행,함안9경,3경,https://www.haman.go.kr/01834/01857/01865.web,"제 3경 입곡군립공원의 단풍
크고 작은 산봉우리들이 저수지를 중심으로 협곡을 이루고 있는 입곡군립공원은 수려한 자연풍광과 형형색색의 바위, 기암절벽이 그대로 보존되어 있어 신비로움을 더한다. 저수지를 가로지르는 출렁다리 산책로는 최고의 힐링코스이다. 사계절 아름답지만 특히 가을날 붉게 물든 단풍은 한폭의 그림같다.
아라힐링카페(입곡군립공원 무빙보트)"
함안여행,함안9경,4경,https://www.haman.go.kr/01834/01857/01866.web,"제 4경 무진정의 사계
을사사화를 예상하고 고향으로 돌아온 조삼(趙參)선생이 1542년 지은 정자로 울창한 고목 속에서 낙화놀이가 열리는 연못이 어우러진 환상적인 곳이다.
주세붕 선생의 기문에 “천명을 알고 용퇴할 수 있었기에 이 즐거움을 누릴 수 있으니 정자의 경치와 선생의 즐거움이 무진할 것이다.”는 구절에 있어서 청풍명월과 함께하는 즐거움이 끝없음을 이름으로 삼은 것을 알 수 있다.
또한 “맑은 바람이 저절로 불어오고 밝은 달이 먼저 이르며, 반걸음을 옮기지 않아도 온갖 경치가 모두 모였으니 진실로 주물주의 무진정이라 하겠다”는 구절에서 엿볼 수 있듯이 사계절 아름다운 경치가 이어지기 때문에 많은 사람들이 찾는다.
말이산고분군과 함께 웨딩촬영지로도 유명하다."
함안여행,함안9경,5경,https://www.haman.go.kr/01834/01857/01867.web,"제 5경 연꽃테마파크의 아라홍련
아라가야 왕궁지 앞에 조성된 연꽃테마파크는 700년 전 고려시대 연꽃인 아라홍련과 경복궁 연못에 복원되어 우리나라 최고의 자생 연꽃임이 입증된 법수홍련 등 50여종의 다양한 연꽃을 볼 수 있는 곳이다.
함안의 걷고싶은 아름다운 길 11선에도 선정되었으며, 휴식 공간도 잘 갖춰져 있다.
아라홍련
2009년 5월 성산산성에서 발굴된 연씨를 발아시킨 연꽃이다. 고려시대 불화(탱화)에 그려진 꽃과 동일하고 유전자검사에서 700년 전 고려시대 말기의 것으로 확인되었다.
함안박물관에 원형이 보존되어 있으며 성산산성에 복원할 예정이다."
함안여행,함안9경,6경,https://www.haman.go.kr/01834/01857/01868.web,"제 6경 강나루생태공원의 청보리
낙동강을 끼고 광활하게 펼쳐진 함안강나루생태공원은 봄이 되면 42만㎡에 걸쳐 청보리가 펼쳐지는데 이 광경은 보는 이들의 마음까지도 시원하게 만들어준다.
작약집단지가 있고 곳곳에 포토존이 마련되어 있어서 좋은 사람들과 즐거운 시간을 보낼 수 있었다.
강나루오토캠핑장
강나루생태공원 내에 위치한 오토캠핑장은 풍요로운 여가생활을 위해 함안군에서 조성한 공공 야영장이다. 캠핑장 외에도 산책로, 자전거 도로, 축구장, 농구장, 인라인 스케이트장 등 체육시설이 마련되어 있다"
함안여행,함안9경,7경,https://www.haman.go.kr/01834/01857/01869.web,"제 7경 장춘사의 산사풍경
무릉산의 골짜기를 품고 있는 고즈넉한 전통사찰이다. 832년(흥덕왕 7년)에 무량국사가 처음 세웠다고 전해지며, 작은 규모지만 오랜 세월의 자취를 느낄 수 있다. 인근 산세와 어우러진 풍광은 과히 일품이다. 새소리, 바람소리에 스스로를 되돌아보려는 사람들이 평일에도 많이 찾아온다.
대웅전, 석조여래좌상, 석조석가여래삼존좌상, 오층석탑이 문화재로 지정되어 있다."
함안여행,함안9경,8경,https://www.haman.go.kr/01834/01857/01870.web,"제 8경 합강정과 반구정의 해돋이
낙동강 700리 중에서 최고 절경으로 일컬어지는 용화산 기슭에 자리잡고 있다. 해발이 낮은 합강정은 낙동강 물속에서 해가 떠오르는 명장면을 감상할 수 있으며, 1607년 이곳에서 출발한 뱃놀이(용화산하동범)가 유명하다.
반구정은 느티나무 고목 아래서 남지철교와 들판을 바라보는 풍경이 일품이며, 특히 남방바람꽃이 피는 봄이 되면 전국에서 사진작가의 발걸음이 끊이지 않는다.
마을 안쪽 경사가 심한 임도를 걸어서 올라가다 보면 반구정이 보인다."
함안여행,함안9경,9경,https://www.haman.go.kr/01834/01857/01871.web,"제 9경 대평늪의 늪지식물
우리나라에서 늪지식물을 보호하기 위해 천연기념물로 지정된 유일한 곳으로 자연생태환경이 잘 보존된 곳이다. 자라풀, 물옥잠, 마름, 부들, 가시연꽃, 털개구리미나리 등의 다양한 늪지 및 수생식물이 있으며, 백로, 흰뺨검둥오리 등도 간간이 들른다.
주차장에 차를 세우고 늪을 한바퀴 돌면서 여유있게 탐방할 수 있다."
함안여행,생태관광,전체,https://www.haman.go.kr/01834/01858/01872.web,
함안여행,생태관광,입곡군립공원,https://www.haman.go.kr/01834/01858/01873.web,"함안군 산인면에는 뱀이 기어가듯, 구불구불 흐르는 입곡저수지가 있다. 저수지 상류에는 자연생태 그대로 보존된 '입곡군립공원'이 형성돼 있어, 군민과 시민들에게 쉼터를 제공하고 있다.
일제시대에 농업용수로 사용하기 위해 협곡을 가로막은 입곡저수지는 저수지 양 끝이 보이지 않을 만큼 제법 큰 규모를 자랑한다. 저수지를 중심으로 왼편에는 깎아지른 절벽에 우거진 송림이, 오른편으로는 완만한 경사지에 활엽수림과 침엽수림이 멋진 조화를 이룬다.
크고 작은 산봉우리들이 저수지를 중심으로 협곡을 이루고 있는 이곳에는 수려한 자연풍광과 함께 전설을 간직하고 있는 형형색색의 바위와 기암절벽이 그대로 보존돼 있어, 신비로움을 더한다.
공원 입구에 들어서면 은빛으로 반짝이는 저수지가 제일 먼저 눈에 들어온다. 저수지 중앙을 가로 지르는 길이 112m, 폭 1.5m의 출렁다리를 건너 산책로 일주는 그야말로 일품이다. 버드 나뭇잎이 수면에 길게 늘어져 있고, 이름모를 꽃과 나무들이 저수지를 끼고 산책로를 따라 둘러쳐져 있다. 간혹 백로가 수려한 자태를 뽐내기도 하는데, 한 폭의 그림이 따로 없다.
산책로를 돌아나와 운동장에 들어서면 절벽쪽에 인공폭포가 설치되어 있다. 인공폭포는 하절기에 주로 가동되고 있어 여름철에도 방문객이 끊이지 않는 곳이다.
소재지 : 함안군 산인면 입곡리, 함안면 대산리 일원
면적 : 960,695㎡
시설현황
기본시설 : 산림욕장(45ha), 주차장 2개소 158면, 화장실 4개소
체육시설 : 다목적운동장 1면, 허리돌리기, 윗몸일으키기, 조합놀이대, 데크휴게소 등
편의시설 : 산책로, 팔각정자, 산림욕대, 원목의자, 출렁다리, 인공폭포 등
체험시설 : 아라힐링카페(무빙보트 15대, 아라힐링사이클 6라인)
인공폭포 운영 안내
폭포현황
제1폭포 : 폭 12~26m × 높이 35m (2단)
제2폭포 : 폭 15m × 높이 10m (1단)
폭포 운영시간
4월 ~ 10월(7개월)
토·일·공휴일 : 11시,13시,14시,15시,16시(5회, 회당 10분정도)
우천시에는 폭포를 운영하지 않습니다.
11월 ~ 익년 3월(5개월) : 가동중단
아라힐링카페
아라힐링카페 사용현황으로 구분, 사용료, 비고제공
구 분
무빙보트
아라힐링사이클
비 고
운영구역
입곡저수지 내 39,415㎡
입곡저수지 상부 L=255m
운영대수
무빙보트 15대
사이클 4라인, 바이크 2라인
이용요금
30분(4인)
20,000원
사이클(4층)
15,000원
바이크
(3층)
1인
15,000원
단체
(15인 이상)
30분
4,000원
2인
20,000원
단체 (15인 이상)
8,000원
탑승제한
술에 취한사람 등
술에 취한사람
키 130cm미만, 체중 100kg 이상
바이크 2인 합산 체중 120kg초과
운영시간
10:00 ~ 18:00 (휴식시간 12:00~13:00)
※ 월요일 휴무(단, 공휴일인 경우 운영), 우천 및 강풍 시 운영 중단
문 의 : 함안군 공원관리사업소 군립공원담당
055-580-3423
, 아라힐링카페
055-580-4596
할인혜택 :
함안군민 : 40%
장애인, 국가유공자, 수급자, 65세 이상 노인, 다자녀가정 등 : 20%
입곡군립공원 내 체험시설 이용 후 당일 다른 체험시설을 이용는 경우 20% 추가할인
무빙보트1
무빙보트2
아라 힐링사이클1
아라 힐링사이클2"
함안여행,생태관광,입곡문화공원,https://www.haman.go.kr/01834/01858/01874.web,"함안군 산인면 입곡리 1089번지 일원에 소재한 입곡문화공원은 입곡군립공원 공설운동장 안 골짜기에 위치하고 있으며 60,250㎡의 면적에 연못, 산책로, 무늬화단, 유리온실, 미로원 등을 조성하여 함안군의 새로운 관광지로 발돋움하고 있다.
화려함과 은은함이 조화를 이루는 드넓은 야생화 꽃밭과 낙엽교목과 상록교목이 교차하는 녹지, 철 따라 운치가 살아나는 연못, 산책로가 멋지게 펼쳐져 있으며,
유리온실에는 먼나무, 녹나무, 굴거리나무, 하귤나무 등의 교목류와 소펄, 관음죽, 멀꿀, 중대 가리나무, 탐라산수국, 돈나무 등의 관목류 5와 지피식물인 애란, 모람 등이 심겨져 있어 아름다운 꽃들과 다양한 식물들을 구경할 수 있다.
야생화 꽃밭에는 원추리, 상사화, 기린초, 쑥부쟁이, 꽃창포, 털부처꽃, 수선화 등 아름다운 우리 꽃 17종류 3만 5000뿌리 심겨져 자연이 가진 아름다움을 마음껏 누리고 사진에 담을 수 있는 사진촬영의 명소가 될 전망이다."
함안여행,생태관광,악양생태공원,https://www.haman.go.kr/01834/01858/01875.web,"남강의 수려한 자연경관과 더불어 전국 최장 길이의 둑방과 주변 수변 및 습지와 연계하여 자연친화적인 문화공간으로 조성하였으며, 어린이 놀이시설, 야외공연장, 방문자센터 등의 시설이 마련되어 있다. 또한 다양한 야생화 및 핑크뮬리 식재로 볼거리를 제공하여 자연속에서 힐링을 원하는 탐방객을 맞이하고 있다.
위 치 : 경남 함안군 대산면 하기2길 208-49일원
조성면적 : 265,307㎡
조성기간 : 2012년 ~ 2017년
관 리 처 : 함안군 공원관리사업소 도시공원담당 ☎055-580-3541
주요시설 : 방문자센터, 생태연못, 잔디마당, 핑크뮬리, 전망대 등
주요 생태 관광지점
전망대
끊임없이 이어진 제방사이로 흐르는 남강과  해질녘 아름다운 낙조를 감상할 수 있음
관람시간 : 제한없음
주소 : 경남 함안군 대산면 하기2길 208-49
핑크뮬리
공원 내 핑크뮬리 식재지로 10월이 되면 4,611㎡  면적에 심겨진 핑크뮬리(분홍억새)가 만개하여    낭만적인 핑크빛 물결을 이룸
관람시간 : 제한없음
주소 : 경남 함안군 대산면 하기2길 208-49
잔디광장
작은 공연장이 있는 약10,000㎡의 잔디 광장
관람시간 : 제한없음
주소 : 경남 함안군 대산면 하기2길 208-49"
함안여행,생태관광,연꽃테마파크,https://www.haman.go.kr/01834/01858/01876.web,"현황
위치 : 가야읍 가야리 233-1번지 일원(함주공원 주변)
면적 : 109,800㎡
조성기간 : 2010. 9. ~ 2013. 8(3년간)
주요시설 : 연꽃단지, 방문객센터, 전망대, 분수대, 데크시설, 쉼터, 배수장 등
공휴일 : 연중무휴
관리처 : 함안군 공원관리사업소 도시공원담당
전화번호 :
055-580-3541
연꽃식재 현황
연꽃테마파크의 연꽃식재 현황을 면적, 화종별 면적으로 정리한 표
면적
화종별 면적(ha)
계
법수홍련
아라홍련
백련
수련
가시연
기타연
4.0ha
4.0(100%)
3(75%)
0.1(2.5%)
0.6(15%)
0.15(3.8%)
0.1(2.5%)
0.05(1.2%)
가야지구의 천연늪지를 자연친화적인 테마공원으로 조성하여 군민과 우리 군을 찾는 관광객에 아라가야의 특색 있는 휴식공간을 제공함으로서 사계절 관광객 유치와 우리군민의 삶의 질을 향상 시킬 수 있는 친환경적인 테마공원을 조성하고자 2013년에 개장하게 되었다.
함안 연꽃테마파크는 특히 역사적 의의를 가지고 있는 아라연꽃을 특징화시켜 아라홍련 외 3종의 연꽃을 주제로 조성하였으며, 가시연꽃의 경우는 조성완료 후 법수홍련 밭에서 자연 발아하여 군에서 종자를 채취 후 0.1ha 면적에 증식시켰다. 또한 2019년에는 기존 수련 공간 일부에 약50여종의 기타연꽃을 기증 받아 식재 하였다.
아라연꽃이란?
아라연꽃은 2009년 5월 성산산성에서 발굴된 씨앗으로 발아시킨 연꽃으로 성분결과 약 700년전 고려시대 연꽃 씨인 것으로 확인되었다. 이곳 함안지역이 본래 옛 아라가야가 있던 곳이기 때문에 아라연꽃이라 명명하였으며, 고려시대 불교 탱화에서 볼 수 있는 연꽃의 형태와 색깔을 간직한 채 2009년 7월 7일에 700년 만에 꽃을 다시 피웠다."
함안여행,생태관광,함안악양둑방,https://www.haman.go.kr/01834/01858/01877.web,"탁 트인 드넓은 둔치, 유유히 흐르는 남강과 모래사장이 끝없이 펼쳐져 있다. 울창한 갯버들 숲과 새벽녘 피어나는 물안개, 해질녘 노을이 어우러져 낭만과 추억을 길어올릴 수 있는 곳. 가요 처녀뱃사공의 사연을 간직한 악양루와 인근 둑방을 함께 둘러보면 더 없이 좋다.
악양마을 인근 자전거 대여 : 5,000원/시간
악양 둑방 길 왕복 6.5km
악양둑방 계절별 화종
봄꽃 : 양귀비,수레국화, 안개초, 끈끈이대나물, 콘포피, 튤립, 꽃잔디 등
가을꽃 : 코스모스, 국화 등
다년생 : 후록스, 원추리, 동국, 구절초 등
주변 구경거리
풍차주차장, 비행장삼거리, 갯버들군락지, 강변흙길, 자전거대여, 풍차주차장, 악양루, 처녀뱃사공노래비"
함안여행,생태관광,법수면늪지,https://www.haman.go.kr/01834/01858/01878.web,"법수면은 현재 대평늪, 질날늪의 두곳이 온전하게 보존되어 있으며 특히 질날늪은 몰밥(물밥)의 서식처로 유명하다.
법수면 대평늪
함안군 법수면 대평리 일원에 위치한 대평늪은 남강을 끼고 발달했으며, 물의 깊이는 1.5~2m이다.
이곳에 광주 안씨가 정착하면서 풍수지리에 근거하여 후손의 번창을 위해 늪지대를 보존하여 왔기 때문에 지금까지 남아있게 되었다. 이곳에서 조사된 늪지식물로는 보풀, 자라풀, 줄풀, 세모고랭이, 창포, 개구리밥, 물옥잠, 골풀, 나도미꾸리낚시, 애기마름, 마름, 가시연꽃, 붕어마름, 털개구리미나리, 노랑어리연꽃, 통발, 뚜껑덩굴 등이 있으며 식물성 플랑크톤인 먼지말류와 돌말류도 발견되었다.
이 곳은 우리나라에서 늪지식물을 보호하기 위하여 유일하게 천연기념물로 지정한 곳으로 늪지 식물상 연구에 중요한 가치가 있을 뿐만 아니라, 우리 조상들이 이 늪지를 보호해 온 정신세계를 엿볼 수 있는 귀중한 자료가 되어 1984년 11월 15일 천연기념물 제346호로 지정하여 보존하고 있다.
법수면 질날늪
함안군 법수면 우거리와 대송리에 소재하고 있는 ""늪""(3필지 177,418㎡)으로서 연중 수심이 1∼2m정도이며 이곳은 겨울 철새도래지로 청둥오리, 기러기등이 모여들고 서식하고 있다.
이밖에도 대평늪에서도 자라고 있는 희귀습지식물이 자생하고 있어 대평늪과 함께 이 일대의 식물생태학 연구에 중요한 자료로 이용되고 있다. 법수면은 예로부터 늪지가 발달한 곳이지만 정부의 식량육성책에 따라 많은 늪지가 경지정리 되어 사라지고 현재 대평늪, 질날늪, 매곡 늪의 세곳이 온전하게 보존되어 있으며 특히 질날늪은 몰밥(물밥)의 서식처로 유명하다."
함안여행,산·둘레길,전체,https://www.haman.go.kr/01834/01859/01879.web,
함안여행,산·둘레길,여항산,https://www.haman.go.kr/01834/01859/01880.web,"해발 770m에서 바라본 지리산과 남해의 푸른 물결
여항산의 지명유래
여항산(艅航山, 770m)은 예부터 함안의 주산(主山)이자 진산(鎭山)으로, 지리산 영신봉에서 김해 분성산을 잇는 낙남정맥(洛南正脈)의 한가운데에 위치하며, 함안군 여항면 주서리, 강명리 일원과 창원시 마산합포구 진전면 여양리 일원에 분포한다. 함안의 지형적 특성인 남고북저(南高北低)의 지세와 하천의 역류(逆流)는 바로 함안의 남단에 위치한 여항산으로부터 비롯된 것이다.
여항산에 관한 기록은 『경상도지리지(慶尙道地理志)』(1425), 『동국여지승람(東國與地勝覽)』(1481), 『신증동국여지승람(新增東國與地勝覽)』(1530), 『함주지(咸州誌)』(1587), 『영남읍지(嶺南邑誌)』(1871) 등 다수의 문헌에서 확인된다. 그 중 『함주지』산천조(山川條)의 기록이 백아홉 글자로 비교적 상세한데, 「(요약) 군성(郡城:함안읍성)에서 서남쪽으로 15리(上里)에 위치하며, 두류(頭流:현재의 지리산)에서 300리를 이어져 와 군을 진압하는 진산이다. 산꼭대기 바위는 깎아지른 듯하고 남쪽은 낙숫물을 받는 댓돌처럼 생겼는데 그 위가 편평하여 10여명의 사람이 앉을 수 있을 정도이다. 바다를 바라보면 멀리 대마도의 여러 섬들이 뚜렷하게 보이고, 산허리에는 한낮에도 신령한 퉁소 소리가 나는 듯하며 구름이 생겼다가 사라졌다가 한다. 가뭄이 심할 때에는 군민들이 기우(祈雨)의 깃발을 꽂고 비가 올 것인지 점을 친다.」라고 기록되어 있다.
‘여항’이라는 지명의 유래와 관련한 전설로는 천지사방이 물에 다 잠겼을 때 여항산의 꼭대기만이 배 만큼 남았다고 하는 데서 유래하였다는 설이 있는데, 『경상도지리지』를 비롯한 조선시대 대부분의 기록에 ‘남을 여(餘)’자에 ‘배 항(航)’자의 ‘餘航’으로 표기되어 있는 것으로 보아 이와 무관하지 않을 것으로 보인다.
한편, 1586년 한강(寒岡) 정구(鄭逑) 군수가 부임하면서 함안이 남고북저(南高北低)의 지형으로 물이 역류(逆流)하는 까닭에 역모를 꾀할 기운이 있다하여 이를 풍수지리적으로 바로 잡고자 낮은 북쪽은 뜻과 글자로써 높여 대산(代山)으로, 높은 남쪽은 배가 다닐 수 있는 낮은 곳이라는 의미에서 여항(餘航)으로 고쳤다는 설이 있지만, 대산과 여항은 이미 사용해 오던 지명으로 이는 잘못 알려진 것이다.
현재 사용하고 있는 배이름 여(艅)자에 배 항(航)자의 ‘艅航’은 문헌기록과 각종 지도로 보아 18~19세기 사이에 ‘餘→艅’로 변경된 것으로 추정되나 이와 관련한 구체적인 기록이 없어 그 이유는 알 수 없다.
여항산은 이외에도 마을주민들에 의해 곽(갓)데미산, 배넘기산, 필봉(筆鋒) 등 여러 이름으로 불리어 왔는데, 이 중 ‘곽(갓)데미산’은 정상에 있는 마당바위(平岩, 곽바위)를 가리키는 ‘곽(槨, 郭)’이나 ‘갓(冠)’에 큰 덩어리를 의미하는 순우리말 더미(데미)가 붙어 만들어진 이름으로 생각된다. 또 ‘갓’을 ‘어미’로, ‘데미’를 ‘산’으로 보아 ‘어미산’ 또는 ‘모산(母山)’의 의미를 가진다는 의견도 있다. ‘배넘기산’은 『함주지』총담조(叢談條) 천하의 지세(天下之地勢)에 「여항산의 ‘여(餘)’자는 방언에 ‘월(越)’이라 한다」라는 기록이 있는 것으로 보아 배(航)가 넘는다(越)는 의미에서 붙여진 이름이라 하겠다.
한편, 6.25 한국전쟁 당시 낙동강 방어선 사수를 위해 여항산을 중심으로 피아간 격렬한 전투가 있었는데 이 때 많은 피해를 입은 미군들에 의해 ‘갓뎀(goddam)산’이라 불리기도 하였다. 이는 ‘갓데미산’의 발음을 들어 희화(戱化)하여 부른 것이다.
여항산의 문화유적
여항산성(艅航山城)
여항산성과 관련한 옛 기록은 전혀 없으며, 지방의 지리적 특색을 비교적 잘 기록하였던 조선시대의 여러 문헌에서 조차 확인되지 않는 것으로 보아 그 이전에 이미 산성으로서의 기능을 상실하였던 것으로 추측된다.
1996년 5월 아라가야향토사연구회에서 실시한 지표조사를 통해 처음으로 여항산성의 존재가 알려졌으나, 아직까지 정식의 학술조사가 실시되지 않아 산성의 축성연대와 구조 등에 관한 정확한 내용은 분명하지 않다.
여항산성은 여항산 제1봉과 제2봉에 각각 축성되어 있는 2개의 테뫼식(봉우리를 둘러쌓아 축성하는 방식) 석축산성(石築山城)으로, 해발이 높아 주변 일대를 조망하기에 특히 유리하고 남쪽의 진동만에서 함안으로 북진하는 적들에 대한 효율적인 관망과 방어가 유리하다는 점에서 군사적 기능의 산성이었을 것으로 추측된다.
‘여항산성Ⅰ’은 여항산 제1봉(770m)의 정상부와 능선에 남북으로 길게 축성되어 있는 산성으로, 전체 둘레는 약 750m 정도이다. 1996년 지표조사 당시에는 산성의 동문지(東門址)와 북문지(北門址)로 추정되는 곳이 있었으며, 특히 동쪽 성벽 일부는 비교적 잘 잔존해 있어 여항산성이 협축식(夾築式:내 ․ 외벽을 각각 수직으로 쌓아 올리면서 그 안을 흙이나 돌로 채우는 축성방식)의 산성이었음을 알 수 있었다고 한다. 현재는 훼손으로 인해 그 흔적을 쉽게 확인하기 어려운 상태인데, 다만 산성의 북동쪽 능선을 따라 회곽도(廻郭道:성곽 내에 이동을 쉽게 할 목적으로 만든 길)로 추정되는 길이 약 150m, 너비 4~5m 정도의 평탄지가 조성되어 있어 이곳이 산성이었음을 뒷받침하고 있다. 경사면이 급한 서쪽과 남쪽은 별도의 축성 없이 암반을 그대로 활용하였으며, 산성 내에는 저수시설(貯水施設)로 추정되는 구덩이도 확인된다. 성내에 위치한 헬기장 주변에서 토기편과 기와편이 채집되는 것으로 보아 이곳에 산성과 관련한 건물지가 있었을 것으로 추정된다.
‘여항산성Ⅱ’는 여항산의 제2봉(744m) 즉 정상으로부터 약 700m 정도 북서쪽에 위치한 산성으로, 전체둘레는 약 270m 정도이다. ‘여항산성Ⅰ’과 마찬가지로 정상부와 능선에 축성하였다. 성벽의 대부분이 허물어져 원형을 알기 어려우나 무너진 성벽의 부재(部財)들이 동서사면을 따라 길게 이어져 있어 산성이 존재하였음을 알려주고 있다. 현재 정상의 북동쪽 사면에서 산성의 일부로 추정되는 석축이 확인되며, 산성 내에는 저수시설로 추정되는 구덩이가 확인된다.
여항산성과 관련한 문헌기록이 전혀 없어 정확한 축성연대는 알 수 없지만, 지표조사 당시 채집된 도질토기 파편과 선문계(線文系)의 기와편으로 보아 삼국시대 말~통일신라시대의 산성으로 추정된다.
여항단(餘航壇)
함안에 심한 가뭄이 들면 여항산에서 기우제(祈雨祭)를 지냈다는 옛 기록이 여러 문헌에서 확인된다. 『동국여지승람(東國與地勝覽)』(1481)에는 여항산의 서북쪽에 위치한 미산봉(眉山峰)에서 기우제를 지내기 위한 사단(祠壇)을 설치하였다는 기록이 있으며, 『함주지(咸州誌)』(1587)에는 여항산의 정상에 있는 소위 마당바위에서 기우제의 깃발을 꽂고 비오기를 기원하였다는 기록이 있다. 또 『함주지』단묘조(壇廟條)에 선조(宣祖) 정해년(丁亥年, 1587) 여름 오랜 가뭄으로 농사가 많이 상하여 여항산에 석단(石壇 : 餘航檀)을 쌓아 놓고 비니 영험이 있었다는 기록도 있다. 『함안총쇄록(咸安叢瑣錄)』(1891)에는 1891년 4월 경, 각각 여항산 상봉(上峰)과 용연(龍淵), 별단(別壇)에서 십 수차례의 기우제를 지냈다는 기록이 있으며, 『환여승람(還輿勝覽)(1929)에는 여항산에 기우단(祈雨壇)이 있었다는 기록이 있다.
이상을 종합해 보면 여항산의 정상에 기우단이 있었다는 기록, 미산봉에 기우단이 있었다는 기록, 또 이외에 용연이나 별단 등에서도 기우제를 지냈다는 기록이 있으며, 이로 보아 여항산에 있는 특정의 여항단(餘航壇)에서만이 아니라 여항산과 그 주변을 포함한 수개의 장소에서 기우제를 지냈을 것으로 추측된다.
한편, 현재 여항산 정상에서 북서쪽으로 약 200m 정도의 위치에 등산객들에 의해 만들어진 십 수개의 돌탑이 있으며, 그 아래에서 약간의 석축(石築)이 확인된다. 1996년 아라가야향토사연구회의 지표조사 당시에는 이곳에서 가로 13m, 세로 9m 정도 규모의 타원형 석단을 발견하였다고 한다. 이 역시 기우제를 지내던 제단일 가능성이 높으나, 여러 문헌기록에서 전하는 여항단의 위치와는 차이가 있다."
함안여행,산·둘레길,방어산,https://www.haman.go.kr/01834/01859/01881.web,"방어산은 함안군 군북면과 진주시 지수면을 경계 짓는 산으로 웅산이라고 불려지기도 했다.
방어산은 괘방산(451m)과 능선으로 연결되어 있어 두 산을 함께 오르는 등산로가 있다. 웅산이라고도 불렀으며, 정상에 서면 지리산이 아득히 보이고, 동남쪽에는 여항산이 보인다. 정상에는 옛날 성의 자취가 남아 있다. 전설에 따르면 양쪽 겨드랑이에 날개가 달려 날아다니며, 300근짜리 활을 쏘는 묵신우(墨神祐)라는 장군이 병자호란 때 성을 쌓고 성문을 닫은 채 한 달을 버티다가 비로소 적을 물리쳤다고 한다. 그때 장군이 타던 말의 발굽 핏자국이 아직도 바위에 선연하다. 산의 7부 능선에는 보물 제159호로 지정된 높이 5m의 거대한 방어산 마애불이 있으며, 산은 높지 않으나, 군데군데 암반이 많고 능선이 제법 굴곡되어 있어 산행의 즐거움을 느낄 수 있다.
산행은 방어산만 오르는 코스와 괘방산과 함께 오르는 코스가 있다. 방어산만 오르려면 하림리 낙동마을 뒤쪽에서 시작하여 마애사, 방어산 마애불을 거쳐 정상에 오른 후 군북면 박곡리 구 남강휴게소로 하산하면 2시간 정도 소요된다. 다른 코스는 하림마을에서 마당바위를 거쳐 정상으로 가는 등산로가 있는데, 정상에서 괘방산까지 산행하려면 방어산고개와 전망대, 괘방산을 거쳐 어석재로 하산하면 5시간 30분 정도 소요된다. 정상은 큰 바위로 되어 있어 장군대라고 부르기도 하며, 이곳에서 50m 아래와 200m 아래 지점에는 마당바위와 흔들바위가 각각 있다. 흔들바위는 높이 8m, 폭6.5m의 끄덕바위라고도 부르며, 기울어진 쪽으로 부자가 난다는 전설이 있다.
높이 : 530m
등산정보
1코스 : 가덕마을(남강휴게소)→방어산(정상)→괘방산→어석재(7.85km, 소요시간 5시간10분)
2코스 : 지곡→용화사→방어산(정상)( 1.5km, 소요시간 1시간)
3코스 : 마애사주차장→방어산 마애불→방어산(정상)→가덕마을(구 남강휴게소)(3.16km, 소요시간 2시간)
4코스 : 하림마을→방어산(정상)→가덕마을(구 남강휴게소)( 4.22km, 소요시간3시간10분)
5코스 : 원북 새작곡→방어산(정상)→가덕마을(구 남강휴게소)( 7.03km, 소요시간 4시간40분)
6코스 : 어석재→괘방산→방어산(정상)→방어산 마애불→마애사주차장(6.9km, 소요시간4시간20분)"
함안여행,산·둘레길,청룡산,https://www.haman.go.kr/01834/01859/01882.web,"청룡산은 함안군 칠원읍 운곡리와 창원시 북면 무동을 경계짓는 해발 648m의 진산
청룡산(靑龍山)은 칠원의 진산(鎭山)으로서 임금이나 큰 인물이 난다는 유래가 있다. 천주산(天柱山)과 능선으로 연결되어 있으며 창원읍지에는 천주산은 칠원의 청룡산맥으로부터 이어 온 산이라 기록되어 있다. 일명 작대산(爵大山)이라고도 하는데 큰 벼슬의 산인데도 불구하고 홍수가 나서 천지개벽이 있을때 온천지가 물에 잠겨 작대기 만큼 남았다고하여 작대산이라 하였으나 이는신증동국여지승람, 대동여지도, 경상남도사 칠원읍지(1864년)등 일제시대 이전의 문헌에는 청룡산으로 되어있어 일제의 민족말살정책의 일환으로서 왜곡되어져 왔었다.
청룡산은 능선이 제법 굴곡되어 있어 산행의 즐거움을 느낄 수 있다. 산행은 청룡산만 오른 코스와 천주산과 함께 오르는 코스가 있다. 청룡산만 오르려면 구성리 교통과 무기리 무기마을 뒤쪽에서 시작하여 서봉을 거쳐 정상에 오른 후 양미재를 거쳐 산정마을로 하산하면 4시간40분정도 소요된다. 다른 코스는 구성리 교동에서 서봉, 정상, 양미재, 농바위, 천주산을 거쳐 무기리 산정마을로 하산하면, 6시간30분 정도 소요된다.
높이 : 648m
등산정보
1코스 : 구성리 교동→임도(2.3km)→서봉(1.4km)→정상(0.4km)→양미재(2.3km)→산청마을(1.5km) (7.9km, 3시간50분)
2코스 : 무기리 무기→임도(2.2km)→서봉(1.4km)→정상(0.4km)→양미재(2.3km)→천주산(2.5km)→산정마을(3.7km)(12.5km, 6시간 20분)
3코스 : 무기리 무기→서봉(2.0km)→정상(0.4km)→양미재(2.3km)→산정마을(1.5km)(6.2km, 3시간10분)
4코스 : 무기리 무기→임도(2.2km)→서봉(1.4km)→정상(0.4km)→양미재(2.3km)→천주산고개(2.1km) →산정마을(3.3km)(11.7km, 6시간)
5코스 : 구성리 교동→임도(2.3km)→서봉(1.4km)→정상(0.4km)→양미재(2.3km)→천주산(2.5km)→산정마을(3.7km)(12.6km, 6시간30분)"
함안여행,산·둘레길,봉화산,https://www.haman.go.kr/01834/01859/01883.web,"安城岾山城:경남기념물 180), 북쪽으로는 아라왕궁지(阿羅王宮地)와 봉산산성(蓬山山城)이 멀리 내다보이며, 서쪽으로는 여항산이 보인다.
산정상에 봉수대가 설치되어 있어 예로부터 봉화산이라고 불리며 이 봉수대는 조선 전기에 축조되어 후기까지 경상도 방면의 직봉2로로서 기능을 수행해 왔으며, 진해의 가을포봉수를 받아 의령의 가막산봉수에 연결되었다. 함주지에 의하면 연대(煙臺)1, 연굴(然窟)5, 화덕(火德)1, 망덕(望德)1개의 봉수시설(烽燧施設)이 있었다고 기록하고 있으나 현재 연대1, 건물터 2곳만 확인되고 있으며, 1999년8월6일 기념물 제220호로 지정되었다.
높이 : 675.5m
등산정보
1코스 : 청암(2.4km) → 봉화산(2.7km) → 한치(진고개휴게소) (5.1km, 2시간 10분)
2코스 : 청암(2.4km) → 봉화산(4.1km) → 버드내 (6.5km, 2시간40분)
3코스 : 청암(2.4km) → 봉화산(3.5km) → 서북산(3.9km) → 여항산(2km) → 좌촌 (11.8km, 4시간40분)"
함안여행,산·둘레길,백이산,https://www.haman.go.kr/01834/01859/01884.web,"백이산 동쪽으로는 여항산, 서쪽으로는 방어산이 둘러 쌓여 있으며 쌍안산이라고도 한다.
세조가 단종을 폐위하고 왕위를 찬탈하자 생육신의 한사람인 조려(趙旅)선생이 세종 2년(1420년)에 낙향하여 세상을 등지고 현재 이곳 백이산 아래 시냇가에서 낚시질로 은거하여 여생을 보냈기 때문에 어계라 칭하였다.
단종임금 복위후 숙종께서 내리신 어계 선조사 제문 중에 어계선생의 절의가 고대 중국의 백이 숙제와 같음을 찬양 하여 쌍안산을 백이산이라 칭하여 내려오고 있다.
본 백이산에서 남쪽으로 이어진 봉을 숙제봉(淑濟峯)이라고 하는데, 숙제봉을 부르기 이전에는 쌍봉산(雙峯山)이라 하였으며, 양봉 사이 달이 뜬다 하여 월출봉(月出峯)이라고 부르기도 했다.
높이 : 368.6m
등산정보
1코스 : 신창(1.2km) → 백이산정상(0.6km) →공룡발자국(0.9km) → 평광마을(2.7km(1시간05분))
2코스 : 신창(1.2km) → 백이산정상(0.6km) →공룡발자국(1.3km) → 명강저수지(2.8km) → 구시골(평광숲)(5.9km(2시간20분))
3코스 : 신창(1.2km) → 백이산정상(1.8km) → 유등고개(3.6km) → 오봉산(5.5km) → 미산봉(5.0km) → 사랑목(17.1km(6시간50분))"
함안여행,산·둘레길,검암산,https://www.haman.go.kr/01834/01859/01885.web,"나무가 길을 내고 낙엽은 켜켜이 몸을 불린다. 발걸음을 옮길 때마다 비스킷 깨무는 소리가 난다. 하늘은 구름 속에 해를 숨겨두고 흐린 척이다. 누가 숨바꼭질 하는 걸까? 움직이기 좋은 날이다.
검암산(216.7m)은 함안 가야읍 검암리에 있는 산으로 둘레길처럼 걷기 편안한 산길이다.
검암마을은 가야읍의 관문으로 고려시대부터 불려왔다. 검암은 한자만 세 번 변했다. 처음에는「黔岩」이라 했으며「鈐岩」으로 바뀌고, 지금은「儉岩」으로 쓰고 있다.
상검마을 모퉁이 650살 먹은 느티나무 한 그루가 쇠지팡이에 온몸을 기대고 서있다. 그만 내려놓고 싶은 듯 지쳐 보인다. 입곡천 절벽 위 동산정은 세조 때 경상우도 처치사와 병조판서를 지낸 이호성이 창건하고 손자 이희조가 중수하였다.
상검마을에서 시작되는 큰길은 입곡천을 끼고, 대사 마을까지 이어지는 함안천 생태공원 일주도로다. 절벽 아래 나무다리는 그저 서있기만 해도 그림이다. 이곳은 배롱나무 군락지다. 여름날 꽃이 피면 얼마나 아름다울까. 따라 걷고 싶지만 갈 길이 멀다. 벌써 다른 풍경에게 마음이 뺏긴다.
임도 개울 길 따라 걷는다. 산문(山門)을 찾는데 강도문(講道門)이 보채고 섰다. 지나가는 바람이요 ‘이리 오너라～’ 솟을삼문이 열리자 팔작지붕 충순당은 햇살 가득 환한 얼굴이다.
이령은 중종 36년(1541) 함안 검암리에서 태어났다. 10살 때 벽에다 충순당(忠順堂)이라고 쓴 일이 있는데, 그것이 호가 되었다. 부친이 사망하자 13살에 3년간 시묘살이를 하였고, 모친이 사망했을 때도 3년간 시묘했다고 한다.
선조25년(1592년) 임진왜란 당시 평민을 주축으로 한 의병을 이끌고 직접 진두지휘하다 전사한 이령(1541∼1592년)을 기리기 위하여 그의 후손들이 건립한 것으로 충의사상을 내포하고 있는 상징적 유적이다.
산문 가까이 고택 한 채 쓰러질 듯 적막하다. 검계정이다. 1633년(인조11) 황곡서원이 세워지기 전, 검계(여항천) 검암정사(儉岩精舍)에서 선비들이 학문을 연구한 곳이다.
검암산 오르는 길은 크게 1코스 하검길(거리 3.2km 소요시간 1시간 25분), 2코스 중검길(거리 2.1km 4.3km 소요시간 2시간), 3코스 상검길(거리 3.3km 소요시간 1시간 30분)이다.
지금은 아라힐링 트레킹길이 추가 조성되었다.
출발지점이 입곡군립공원 주차장과 중검 두곳에서 시작한다.
먼저 입곡군립공원에서 시작하는 1코스는 입곡군립공원 단풍길을 지나 입곡저수지를 가로 지르는 출렁다리를 거쳐 한반도 지형전망대를 조망하며 검암산까지의 3.15km 노선이다.
2코스는 입곡문화공원을 지나 아름다운 돌담길이 예쁜 동지산마을을 거쳐 검암산까지의 3.5km 코스길이다.
3코스는 입곡문화공원을 지나 돌담길이 예쁜 동지산마을을 거쳐 상검마을과 중검마을 중간지점을 지나 검암산까지의 4.9km 노선이다.
그리고 중검에서 시작하는 1코스는 검암산을 지나 한반도지형전망대에서 군립공원을 조망하고 입곡저수지를 가로 지르는 출렁다리를 거쳐 입곡군립공원 단풍길을 지나 군립공원 주차장까지의 4.25km 코스길이다.
2코스는 동지산마을을 거쳐 입곡문화공원을 지나 군립공원 주차장까지의 3.9km 코스길이다.
3코스는 상검마을을 지나 동지산마을을 거쳐 입곡문화공원을 지나 군립공원 주차장까지의 4.7km 노선이다.
그 외 싸리길, 더사연길, 이수정길로 해서 성산산성까지 둘러볼 수 있다. 산 좀 탄다는 전문 산악인이라면 하루 서너 개 산을 밟는다. 검암산과 주변에 걸쳐있는 자양산, 문암산까지 오른다. 이산 저산 넘나드는 묘미는 정말 짜릿하고 재밌을 것 같다.
함안은 유물 곳간이고 유적지다. 볼거리, 즐길 거리, 먹거리까지 가득 찬 종합 관광세트다."
함안여행,산·둘레길,외범이산,https://www.haman.go.kr/01834/01859/01886.web,"외범이산 소개
외범이산의 지명유래
외범산(119m)은 일명 일호산(日虎山)이라고 부른다. 의령군 정곡면의 암호랑이 꼬리를 닮은 오미산을 바라보며 수호랑이가 포효하듯 크게 입을 벌리고 있는 형상이어서 외범산이라고 한다. 호랑이 콧등이 해당되는 곳이 명당이라 하여 많은 사람이 찾으려 애썼으나 찾지 못하다가 정곡면의 한 상주가 부친상을 당하여 묘지를 찾으러 나섰다가 포수에게 쫓기는 여우를 방갓으로 숨겨 구해 주었더니 은공 갚음으로 명당자리를 가르쳐 주어 묘를 쓴 후 그는 만석군이 되었다고 한다.
외범이산 안내
외범이산 숲길은 법수면 주물리 일원에 대략 1.2km로 이루어진 숲길로 정자, 전망대, 아치형 목교, 포토존, 데크로드 등을 조성하여 2015년 6월에 숲길이 완공됐다. 산과 강, 둑방이 함께 어우러져 쾌적하고 안전한 자연친화적인 숲길로 조성됐다.
산속을 산책하는 기분으로 숲길을 걸으면 되는데 길이도 짧고 등산로도 힘들지 않아 어린이들도 충분히 걸을 수 있다. 남강의 아름다운 풍경과 숲의 신선한 공기를 함께 느낄 수 있는 명품 숲길로 가족 또는 연인과 함께 걸어보기 바란다.
주변에는 남강도 있지만 악양둑방도 함께 둘러볼 수 있다. 울창한 갯버들 숲과 자연생태계의 보고(寶庫)인 악양둑방길은 봄에는 꽃양귀비로, 가을에는 코스모스 꽃길로 유명하다. 또 악양마을 북쪽 절벽에는 문화재자료 제190호인 악양루가 있는데 정자에 올라서면 남강과 드넓은 들판이 한눈에 보인다. 악양루 들어가는 입구에는 처녀뱃사공 노래비가 있어 노래도 함께 들을 수 있다. 그리고 법수면 대송리에 있는 대평늪은 대송리 늪지식물로 천연기념물로 지정된 국내 유일의 늪지로 외범이산 숲길과 함께 둘러볼 수 있는 명소다."
함안여행,산·둘레길,여항산둘레길,https://www.haman.go.kr/01834/01859/01887.web,"명품자연생태숲길 ‘여항산 둘레길’
어느 듯 여름더위가 물러나고 아침저녁으로 시원함을 느낄 수 있는 가을이 우리들 곁으로 왔다. 활동하기 좋은 계절에 마음과 몸을 치유할 수 있는 명품자연생태 숲길인 여항산 둘레길을 한번 걸어보자.
여항산(艅航山, 770m)은 예부터 함안의 주산이자 진산으로 지리산 영신봉에서 김해 분성산을 잇는 낙남정맥(洛南正脈)의 한가운데 위치하고 있다. 함안군 여항면 주서리, 강명리 일원과 창원시 마산합포구 진전면 여양리 일원에 분포한다. 함안의 지형적 특성인 남고북저(南高北低)의 지세와 하천의 역류는 바로 함안의 남단에 위치한 여항산으로부터 비롯된 것이다.
‘여항’이라는 지명의 유래와 관련한 전설로는 천지사방이 물에 다 잠겼을 때 여항산의 꼭대기만이 배 만큼 남았다고 하는 데서 유래하였다는 설과 마을주민들에 의한 곽(갓)데미산, 배넘기산, 필봉 등 여러 이름을 불리어 왔는데 이 중 ‘곽(갓)데미산’은 정상에 있는 마당바위를 가리키는 ‘곽’이나 ‘갓’에 큰 덩어리를 의미하는 순우리말 더미(데미)가 붙어 만들어진 이름으로 불리었다고 한다. 또 ‘갓’을 ‘어미’로, ‘데미’를 ‘산’으로 보아 ‘어미산’ 또는 ‘모산’의 의미를 가진다는 의견도 있다.
또한, 6.25 한국전쟁 당시 낙동강 방어선 사수를 위해 여항산을 중심으로 격렬한 전투가 있었는데 이 때 많은 피해를 입은 미군들에 의해 ‘갓뎀(goddam)산’이라 불리기도 하였다.
함안의 진산, 구구절절 사연도 많은 여항산을 등산코스가 아닌 가볍게 걸어 볼 수 있는 둘레길을 한번 찾아가 보자. 2012년 7월에 조성된 여항산 둘레길은 기존의 샛길과 임도를 연결하고 다듬어서 여항산 자락을 완만하게 걸으면서 자연경관과 생태를 배우고, 느끼고, 즐길 수 있도록 조성한 자연생태 산책로이다.
전체 구간이 14km로 총 4구간으로 나누어져 있는데 1구간은 단풍길로 7.7km, 2구간은 소나무 숲길로 3.2km, 3구간은 별내길로 1km, 4구간은 치유의 숲길 2.1km로 이루어져 있다. 소요시간은 대략 5시간 30분이 걸린다. 봉성저수지를 시작해서 서북산, 여항산을 거쳐 좌촌마을 주차장으로 내려오는 코스다.
여항면 주서리 좌촌마을 주차장에 주차를 하고 나면 숲길체험지도사가 반갑게 맞이해 준다. 숲길체험지도사의 둘레길 설명과 주의사항을 듣고 출발하면 된다. 단, 숲길체험지도사는 평일 9시부터 6시까지 근무하니 주말에는 볼 수가 없다. 1구간 시작은 좌촌주차장에서 봉성저수지 쪽으로 다시 내려와야 된다. 봉성저수지까지 내려오면 봉성저수지 탐방로가 나온다. 여유가 된다면 탐방로도 걸어보기 바란다. 봉성저수지 끝자락에 둘레길 입구라는 이정표와 1구간을 알리는 이정표가 세워져 있다.
1구간은 단풍길이라 이름 지어진 것처럼 임도를 따라 단풍이 심어져 있다. 7.7km의 임도길로 좌촌에서 시작되어 감재고개 입구까지 이어진다. 평탄한 임도길을 걷다보면 힐링한다는 생각이 절로 난다. 전체 코스의 반이상을 차지하니 지루한 감은 있지만 길 주변으로 나무가 그늘을 만들어 힘들지 않게 걸을 수 있다. 봉성저수지를 볼 수 있는 조망데크와 쉴 수 있는 의자들도 곳곳에 배치되어 있다. 비가 많이 왔을 경우에는 계곡의 물소리와 폭포도 만날 수 있다. 1구간은 단풍길 이름답게 가을에 꼭 가보기를 추천한다.
2구간은 3.2km 소나무숲길로 임도가 끝나고 오솔길이 시작된다. 감재고개 입구에서 상별내까지 이어지는 코스로 소나무 솔향기를 느낄 수 있는 구간이다. 2구간을 가다보면 약수터산장이 있다. 5시간 30분이라는 긴 시간이 걸리는 구간이다 보니 점심은 꼭 챙겨서 와야 된다. 하지만 점심을 챙기지 못했다면 약수터산장에서 점심을 해결하는 것도 좋다. 오리와 염소, 닭 요리가 있으니 트래킹으로 허기진 배를 채울 수 있다. 2구간에는 평상과 의자, 법륜사와 계곡이 있으니 잠시 쉬어서 천천히 걸어보자.
3구간은 1km 별내길이다. 상별내에서 사방댐 입구까지로 비교적 짧으나 등산체험을 할 수 있는 구간이다. 가파른 구간으로 산고개를 넘어서 내려오면 사방댐 입구 임도길로 이어진다. 짧으면서 힘든 구간이 3구간이다. 임도길에는 조망대가 있어 여항산 정상과 봉성저수지를 함께 볼 수 있다. 1구간의 조망대와 다른 풍경을 보여준다.
4구간 2.1km 치유의 길로 사방대 입구에서부터 좌촌 주차장까지 이어진다. 마지막 구간으로 사방댐을 접하고 있어 물소리를 들을 수 있다. 비교적 짧지만 편백숲과 황토길이 있다. 편백나무의 피톤치드로 삼림욕을 하면서 황토를 밟아 보는 구간으로 맨발로 한번 걸어보자. 몸도 마음도 가볍게 치유될 것이다. 좌촌 주차장이 보이는 곳까지 내려오면 서북산 전적비 안내문이 보인다. 6.25전쟁을 아픔을 되새기며 희생하신 분들의 넋을 위로하는 시간을 가져보는 것도 좋을 듯하다.
바로 옆에는 380년 된 느티나무가 그늘을 만들고 있다. 긴 둘레길 여정을 끝마친 힘든 다리를 잠시 쉬어갈 수 있는 곳이다.
여항산 둘레길 완주는 시간이 많이 소요되고 둘레길 치고는 등산로가 있고 가파른 지형도 있어 등산화를 꼭 착용하시기 바란다. 어린이들과 같이 동반하는 트레킹이라면 완주 보다는 4구간이나 1구간을 추천한다. 완만하고 볼거리가 많은 구간으로 어린이들이 체험하고 느낄 수 있는 최적의 구간이다. 구간별로 등산로와 이어져 있고 마을로 내려오는 길도 연결되어 있다. 힘들다고 생각된다면 마을로 내려오면 된다. 둘레길에는 곳곳에 이정표가 있다. 길을 못 찾을 곳에 도착하면 앙증맞은 이정표가 꼭 있다. 이정표대로 둘레길을 안전하게 걸어보시기 바란다.
한두 번 발길이 스쳐간 후 기억 속에 지워지는 길이 아닌 길에서 만나는 사람끼리 또한 사람과 자연이 하나 되어 치유될 수 있는 둘레길로 널리 알려져 있지는 않지만 숨은 곳곳의 보물을 찾을 수 있는 곳이다. 수많은 야생화와 작은 다람쥐도 만날 수 있는 자연 그대로의 보물창고다.
길 따라 햇볕이 있고, 바람이 있고, 사람이 있고, 자연이 있는 곳, 그 곳 여항산 둘레길로 한번 떠나보자."
함안여행,산·둘레길,별천계곡,https://www.haman.go.kr/01834/01859/01888.web,"맑은 물줄기와 크고 작은 소, 소나무 군락으로 이뤄진 별천계곡이 함안군민은 물론 외지인이 찾는 피서지로 각광을 받고 있다. 여항면 주동리에 있는 별천계곡은 군의 영산인 여항산 자락에 있다. 여항면은 골이 깊고 공기가 맑은 청정지역으로 개발바람이 비껴간 곳으로 전원주택과 별장이 많이 들어 서 청정 휴양지로도 이름나 있다. 별천은 여항면 주동리에 있는 주주골이라 부르는 골짜기 끝자락에 있으며 조선시대 정한강 선생이 이곳의 경치가 하도 아름다워 별천지라고 불렀던 데서 유래되었다.
별천 계곡은 심심유곡의 지형 탓에 연중 맑은 물이 흐르고 크고 작은 소가 계곡을 따라 이어져 가족단위 피서객들이 많이 찾는다. 가장 많은 인파가 몰리는 곳은 6.25격전비가 있는 곳으로 넓고 평평한 바위가 펼쳐져 있고 바위를 따라 계곡의 찬 물이 쉼 없이 흘러 내려 크고 작은 소가 되어 만난다.
아이들은 미끄럼틀 물놀이, 수영, 올챙이, 다슬기 잡기 등에 여념이 없고 어른들은 곳곳에 놓인 평상이나 너른 바위를 차고 앉아 음식도 먹고 책도 읽으며 여름 무더위를 이겨낸다.
함안 여항 별천계곡에서의 시원한 물놀이와 산림욕, 여항산 등산, 체험마을을 통해 고즈넉한 농촌마을의 정취도 느낄 수 있다."
함안여행,역사여행,전체,https://www.haman.go.kr/01834/01860/01889.web,
함안여행,역사여행,함안말이산고분군,https://www.haman.go.kr/01834/01860/01890.web,"말이산고분군 현황
함안 말이산고분군은 1964년 행정구역을 기준으로 도항리고분군(사적 제84호)과 말산리고분군(사적 제85호)으로 관리하여 오다가 발굴조사 성과를 바탕으로 동일한 시대와 성격의 무덤들이 조성되어 있는 하나의 고분군으로써 2011년 7월 28일 사적 제515호로 통합ㆍ재지정되었다. 사적으로 지정된 지번은 도항리 484번지 등 562필지이며, 면적은 525,221㎡로 가야시대 고분유적으로서는 최대급의 규모를 자랑한다.
말이산의 소유는 2013년 10월 현재 국유 78%, 사유 22% 정도이며, 관리자는 문화재청에 의해 함안군으로 지정되어 있다. 함안군에서 고분번호를 부여하여 관리하고 있는 가야시대 봉토분은 총 37기로, 가장 북쪽에 위치한 1호분부터 남쪽으로 진행하면서 주능선-가지능선 순으로 일련번호가 붙여져 있으며 가장 남쪽에 위치한 고분이 37호분이다. 하지만 1991년 국립창원대박물관의 정밀지표조사 결과, 기존 37기를 포함하여 모두 113기의 봉토분이 확인되었으며, 또 그간의 발굴조사 성과로 보면 봉토가 삭평되어 원형을 잃어버린 것까지 있어 이를 포함하면 1,000기 이상의 가야시대 고분이 조영되어 있을 것으로 추정하고 있다.
말이산의 봉토분은 아라가야의 전성기인 5세기 후반~6세기 초에 집중 조영되었으며, 그 분포는 남-북으로 이어진 주능선과 서쪽으로 완만하게 이어지는 가지능선의 정부(頂部)에 대형의 봉토분이, 사면부에 중소형의 고분이 위치하고 있다. 또한 말이산의 북쪽 일대에는 아라가야의 전신인 삼한시대 안야국(安邪國)의 목관묘와 목곽묘가 밀집 분포하고 있다. 따라서 말이산고분군은 기원 전후부터 아라가야 멸망 때까지 약 550년간의 고분들이 누대로 조영되면서 만들어진 것이다.
말이산고분군의 출토유물은 토기 2,010점, 철기 2,479점, 장신구 3,381점, 기타 91점 등 총 7,961점의 다종다양한 유물들이 출토되었다. 이는 아라가야가 독자적으로 형성, 발전시켰던 찬란한 문화상을 보여줌과 동시에 고대 한반도 남부의 일원으로서 주변국가의 교류, 갈등, 정복 등의 관계상을 잘 반영하고 있어 학술적으로도 중요한 의미를 지닌다.
말이산고분군에서 출토되는 토기는 주로 통모양굽다리접시와 불꽃무늬굽다리접시, 손잡이잔, 문양뚜껑, 각종 항아리와 그릇받침 등으로 4~5세기대 아라가야 양식의 특유의 토기들이다. 철기는 ‘철의 왕국’이라 일컬어지는 아라가야답게 수준 높은 철기들이 출토되는데, 둥근고리큰칼을 비롯한 쇠창, 화살촉 등의 무기와 투구와 판갑옷, 비늘갑옷 등의 무구, 말투구와 말갑옷을 비롯한 재갈, 안장 등의 말갖춤, 새모양장식을 붙여 만든 미늘쇠 등이다. 특히 대형봉분에만 부장되는 덩이쇠는 풍부한 철을 바탕으로 고대 국가로 성장한 아라가야의 진면목을 보여주고 있다. 한편, 각종 말띠드리개나 말띠꾸미개 등에는 금과 은을 활용한 장식적 요소들이 가미되어 있는데 이를 통해 지배층의 화려한 면모도 엿볼 수 있다. 또 아라가야의 대외교류를 가늠할 수 있고 아라가야를 상징하는 불꽃무늬토기가 있어 ‘철의 왕국’으로 불리었던 아라가야의 우수한 문화상을 엿볼 수 있다.
말이산의 제3~4가지능선 일대에는 함안박물관이 자리하고 있는데, 이는 함안군의 대표적인 문화시설로서 고분군의 경관과 잘 어울리고, 아라가야의 역사와 문화를 알리는 전시를 통해 말이산고분군의 가치를 더욱 높이고 있다.
(자료출처 : 함안박물관 개관 10주년 기념 특별전 도록)
함안말이산고분군 고분 분포도"
함안여행,역사여행,고려동유적지,https://www.haman.go.kr/01834/01860/01891.web,"고려에 대한 충절을 지킨 고려 후기 성균관 진사 이오선생이 거처를 정한 곳
함안군 산인면 모곡리 580번지 내 위치한 고려동유적지는 고려 후기 성균관 진사 이오(李午)선생이 고려가 망하고 조선왕조가 들어서자 고려에 대한 충절을 지키기로 결심하고 이곳에 거처를 정한 이후 대대로 그 후손들이 살아온 곳이다.
이오는 이 곳에 담장을 쌓고 고려 유민의 거주지임을 뜻하는 '고려동학'이라는 비석을 세워 논과 밭을 일구어 자급자족을 하였다. 그는 아들에게도 조선왕조에 벼슬하지 말 것과 자기는 죽은 뒤라도 자신의 신주(神主)를 이 곳을 떠나 다른 곳으로 옮기지 말도록 유언하였다. 그의 유언을 받든 후손들은 19대 600여 년에 이르는 동안 이 곳을 떠나지 않았고, 이에 고려동(高麗洞)이라는 이름으로 오늘까지 이어 오고 있다.
현재 마을 안에는 고려동학비, 고려동담장, 고려종택, 고려전답, 자미단(紫薇壇), 고려전답 99,000㎡, 자미정(紫薇亭), 율간정(栗澗亭), 복정(鰒亭)등이 있다. 후손들이 선조의 유산을 소중히 가꾸면서 벼슬길에 나아가기 보다는 자녀의 교육에 전념함으로써 학덕과 절의로 이름있는 인물들을 많이 배출한 이 곳을 1983년 8월 2일 기념물 제56호로 지정하여 보호하고 있다."
함안여행,역사여행,함안대산리석불,https://www.haman.go.kr/01834/01860/01892.web,"모두 4구(軀)의 불상이 남아 있어서 하나의 석불군(石佛群)을 이루고 있다.
한절 즉 대사(大寺)라 전해지고 있는 이 사지는 함안면 대산리 1139번지 내 위치한다. 모두 4구(軀)의 불상이 남아 있어서 하나의 석불군(石佛群)을 이루고 있는데, 이 가운데 가장 완전한 상(像)은 2구의 보살입상(菩薩立像)인데, 형식이나 양식이 흡사하여 입불상의 좌우협시(左雨脇侍)로 조성되었음이 분명하다.
두 보살상은 타원형의 부드러운 얼굴이나 아담한 체구, 그리고 8각과 원형의 2단 대좌 등에서 통일신라 초기양식의 전통을 계승한 면을 보여주고 있지만, 원통형의 높은 관(冠)이나 작달막한 체구, 기하학적인 의문(依紋), 한복식 옷 등의 표현은 고려의 지방양식 석보살상(石菩薩像)임을 잘 나타내주고 있다.
입불상은 머리가 없지만 양감(量感)이 풍부하고 세련미가 있는 조각으로 상당한 수준의 작품이며, 파괴가 극심한 머리없는 좌불상은 온몸에서 나오는 빛을 형상화한 광배(光背)의 석질과 양식으로 보아 고려시대의 불상임을 확인할 수 있으며 1963년 1월 21일 보물 제71호로 지정되었다."
함안여행,역사여행,방어산마애불,https://www.haman.go.kr/01834/01860/01893.web,"방어산마애불 삼존상은 암면을 깍아 새긴 마애약사불상과 그 협시보살상이다.
함안군 군북면 하림리 산131번지 내 위치한 방어산마애불 삼존상(三尊像)은 암면을 깍아 새긴 마애약사불상(磨崖藥士佛像)과 그 협시보살상(脇侍菩薩像)인데, 신라 애장왕 2년(801)에 만들어진 신라 하대의 가장 저명한 마애불이다.
이 불상은 8세기의 이상적 사실주의 경향의 불상들과는 다소 다른면을 보여주고 있는데, 거구의 불상이지만 위장부적(偉丈夫的)인 당당한 체구가 아닌 현실적인 장대성을 나타내고 있다.
이런 특징은 정적(靜的)이며 침울하기까지 한 얼굴, 탄력감이 줄어진 신체 각부, 그저 둥글기만 한 어깨, 밋밋한 가슴과 배 등에서도 보이고 있는 것이다.
물론 일광보살(日光菩薩)의 강렬한 인상과 월광보살(月光菩薩)의 온화하고 우아한 얼굴 등에서 이상적인 양식이 다소 보이지만, 전체적으로 보면 8세기의 긴장감과 활력이 넘치던 이상적 사실주의 양식에서 한층 해이되고 한층 활력이 줄어진 현실적 사실주의 양식으로 이행되어 가던 변모과정을 잘 보여주는 801년의 절대연대를 가진 중요한 마애불상으로서 1963년 1월 21일 보물 제159호로 지정되었다."
함안여행,역사여행,무진정,https://www.haman.go.kr/01834/01860/01894.web,"조삼선생 호를 따라 무진정이라 명명하였음
무진정은 조삼(趙參)선생께서 후진양성과 남은 여생을 보내시기 위하여 함안면 괴산리 지금의 자리에 직접 지으신 정자로서 자신의 호를 따라 무진정(無盡亭)이라 명명하였다.
무진 조삼선생은 1473년(성종 4년)에 태어나시어 성종 20년(1489) 진사시에 합격하고 중종 2년(1507) 문과에 급제하여 함양 · 창원 · 대구 · 성주 · 상주의 부사와 목사를 역임하시고, 내직으로 사헌부(司憲府) 집의(執義) 겸 춘추관(春秋館) 편수관(編修官)을 지냈다.
앞면 3칸 · 옆면 2칸의 건물로 지붕은 옆면이 여덟 팔자 모양과 비슷한 팔작지붕이다. 앞면의 가운데 칸에는 온돌방이 아닌 마루방으로 꾸며져 있고, 정자 바닥은 모두 바닥에서 띄워 올린 누마루 형식이다.
기둥 위에 아무런 장식이나 조각물이 없어 전체적으로 단순하고 소박한 건물로 조선 전기의 정자 형식을 잘 보여주고 있으며, 1976년 12월 20일 유형문화재 제158호로 지정되어 보호되고 있다"
함안여행,역사여행,아라왕궁지,https://www.haman.go.kr/01834/01860/01895.web,"2008년 5월 시굴조사결과 토성보다는 삼국시대에 축조된 제방으로 추정
아라왕궁지로 생각되는 가야동(작은 개애재 지역)은 1921년경 함안 둘안 제방(堤防)을 축조할 때 일본인들이 인근의 대문천(大門川)의 수로를 변경시키기 위해 새로운 제방을 만들면서 이 곳 구릉의 흙을 약 2m 이상 파내어 마을 앞 제방을 쌓았는데 이로 인해 이 곳의 지형 자체가 변형되었다고 한다.
마을의 노인들에 의하면 옛 가야동 자좌오행(子坐午行)의 자리가7) 왕궁지라고 하나 확실한 증거는 없는 상태이다. 그러나 266번지의 안성 덕씨 집에는 선대부터 전해 내려오는 돌이 있는데, 잘 다듬어진 사각형의 화강암으로 건물의 초석(礎石)으로 추정된다. 현재는 4조각으로 나누어져서 집안의 구석에 흩어진 채 방치되어 있는데 그 중 한 조각은 절구로 제작되어 사용하고 있다.
“함주지”에 의하면 가야국의 옛터인 “부존정”의 북쪽에 있다고 했는데 함주지의 기록과 여러 정황으로 보아 부존정의 위치는 지금의 괘안 뒷산이므로 가야동은 부존정의 북쪽에 해당되며, 현장에는 지금도 초석, 우물, 토성의 흔적이 있을 뿐 아니라 가야동 주변 여러 지역의 지명이 왕궁지와 관련된 지명을 갖고 있어 학계에서는 이곳을 “아라 왕궁지”로 추정하고 있다. 2008년 5월 시굴조사결과 토성보다는 삼국시대에 축조된 제방으로 추정한다.
아라왕궁지에 대한 문헌 기록으로는 함주지(咸州誌)의 기록이 가장 오래된 기록인데 비교적 자세하게 기술되어 있다. 이 기록은 오늘날에 있어서 왕궁지의 위치를 지리적으로 고증하는 데 매우 유익한 정보를 제공해 준다. 가야국의 옛터는 부존정(扶尊亭)의 북쪽에 있다고 하는데 함주지의 기록과 여러 정황으로 보아 부존정의 위치는 지금의 괘안 뒷산(해발 79m)인 듯하므로 가야동은 부존정의 북쪽에 해당된다. 일제 시대 때 함안 지방을 직접 조사한 이마니시류(今西龍)는 왕궁지의 후보지를 7개소로 들고4) 그 중 제일 유력한 곳으로서 가야리 가야동을 꼽고 있다. 성산산성(城山山城­사적 제67호)을 왕궁지라고 주장하는 설도 있으나, 믿기 어렵다.(성산산성은 가야읍 광정리에 소재하며 조남산성이라고도 한다.)"
함안여행,역사여행,장춘사 대웅전,https://www.haman.go.kr/01834/01860/01896.web,"함안군 칠북면 영동리 14번지 내 위치한 장춘사 대웅전
함안군 칠북면 영동리 14번지 내 위치한 장춘사 대웅전은 1979년에 신축한 건물로 팔작와가로 정면 3칸, 측면 2칸에 이른다. 대웅전 뒷편에는 맛배지붕으로 정면1칸, 측면1칸의 조그마한 약사전이 있는데 이 곳에 안치된 불상이 지정문화재로 보관되고 있는 약사여래좌상이다.
총 높이 94㎝, 흉위 40㎝로 비교적 작은 불상으로서 광배와 함께 1매석으로 조성하였는데 1978년 왼쪽 어깨부분에 오른편으로 금이 나있어 개금을 하여 불상과 광배의 조각수법을 전혀 알 길이 없다.
장춘사는 서기 832년 신라 42년에 흥덕왕 7년에 무량국사가 초장하였다고 전하고 있다. 이러한 문화적 가치와 계속적인 연구를 위해 1983년 7월 20일 문화재자료 제16호로 지정되어 계속적인 연구와 보호가 이루어지고 있다."
함안여행,역사여행,무산사,https://www.haman.go.kr/01834/01860/01897.web,"주세붕(1495~1544) 선생의 영정과 유품을 모신 무산사
함안군 칠서면 무릉리 544번지 내 위치한 무산사는 조선시대의 유명한 유학자인 주세붕(1495~1544) 선생의 영정과 유품을 모신 곳이다.
선생은 중종 38년(1543)에 백운동 서원을 세워 우리나라 서원의 시초를 이루었으며, 이를 기리기 위하여 숙종 24년(1698)에 선생의 후손이 세웠다.
고종(1863~1907) 때 흥선대원군에 의해 철폐되었다가 유림들이 다시 세웠으나 한국전쟁으로 불탔다. 현재의 무산서당은 그 후에 세운 것이다. 무산사 내에 있는 무산서당은 앞면 5칸 · 옆면 2칸의 1층 건물이다. 지붕은 옆모습이 여덟 팔(八)자 모양인 팔작지붕이다.
중앙 2칸의 대청을 사이에 두고 양 옆에 각각 2칸과 1칸의 방을 꾸며 전형적인 서당의 공간구성을 보여주고 있다.
광풍각(光風閣)에는 주세붕 선생의 영정이 모셔져 있고, 장판각(藏板閣)에는『무릉잡고(武陵雜稿)』·『수구집(守口集)』·『귀봉집(龜峰集)』책판 352매가 보관되어 있으며, 1976년 4월 15일 유형문화재 제143호로 지정되어 보호하고 있다."
함안여행,역사여행,함안무기연당,https://www.haman.go.kr/01834/01860/01898.web,"주재성의 생가에 있는 조선 후기의 연못
함안군 칠원읍 무기리 966번지 내 위치한 무기연당은 주재성의 생가에 있는 조선 후기의 연못이다. 주재성은 조선 영조 4년(1728) 이인좌의 난 때 의병을 일으켜 관군과 함께 난을 진압한 인물이다. 관군들은 돌아가는 길에 그의 덕을 칭송하여 마을 입구에 '창의사적비(倡義事蹟碑)'를 세우고 서당 앞 넓은 마당에 연못을 만들었다.
연못 가운데에는 섬을 만들고 산의 모양을 본떠 놓았다. 이후 주재성은 연못의 이름을 '국담(菊潭)'이라 하고 호를 삼았으며, 연못가의 서당에서 학문에 전념하며 유유자적하였다.
연못의 서북쪽에는 오래된 정침 한 채가 남아 있으나, 많은 부분을 고쳐서 그 가치를 잃고 말았다. 연못가에는 후대에 풍욕루(風浴樓)와 하환정(何換亭)을 지었고, 최근에 충효사(忠孝祠)를 지었다. 연못 주위에는 담장을 쌓고 일각문을 내어 영귀문(詠歸門)이라 하였다.
비교적 원래의 형태를 잘 간직하고 있는 조선 후기의 연못으로, 정원문화(庭園文化) 연구에 좋은 자료이기도 한 이 곳은 1984년 12월 24일 중요민속자료 제208호로 지정되었다."
함안여행,역사여행,서산서원,https://www.haman.go.kr/01834/01860/01899.web,"서산서원은 숙종 계미년(1703)에 경상도 유학 곽억령등이 생육신 여섯분의 제향의 위하여 창립한 서원이다.
서산서원은 숙종 계미년(1703)에 경상도 유학 곽억령(郭億齡)등이 생육신이신 이맹전(李孟專), 조려(趙旅), 원호(元昊), 김시습(金時習), 남효온(南孝溫) 등의 병향(幷享)이 사육신의 예에 따라 이루어짐이 마땅함을 국왕께 상소하여 윤허를 받고 여섯분의 제향을 위하여 창립한 서원이다.
숙종 계사년(1713)에 국가에서는 제물을 내리고 서산서원의 현판을 내렸으나, 고종 신미년(1871) 서원쳘폐령에 의해 훼철(毁撤)되었다. 그 후 조려선생의 후손들이 1984년에 사우(祠宇), 강당(講堂), 재료(齋寮), 문(門), 원장(垣墻) 등을 빠짐없이 갖추어 복원하여 현재에 이르고 있다."
함안여행,역사여행,원효암 칠성각,https://www.haman.go.kr/01834/01860/01900.web,"원효암 칠성각은 원효대사와 의상대사가 수도한 곳
함안군 군북면 사촌4길 863 내 위치한 원효암 칠성각(元曉庵 七星閣)은 원효대사와 의상대사가 수도한 곳이라 전하나 창건연대와 연혁은 알 수 없고, 절의 이름을 원효암이라 하고 의상대(儀湘臺)가 있는 것으로 보아 의상대사가 창건한 것으로 추정되나 확실하지는 않다.
원효암은 6 · 25때 소실되고 의상대는 소실되지 않았으나, 창건연대는 미상이며, 사기(寺記)에 의하면 1370년 세운 것으로 기록되어 있다. 1983년 7월 20일 문화재자료 제15호로 지정되어 보호되고 있다."
함안여행,역사여행,채미정,https://www.haman.go.kr/01834/01860/01901.web,"채미정은 서산서원 경내에 있었던 정자로 서원이 세워진 1703년 이후 관아재 조영석 선생이 기문을 지은 1735년 사이에 지어진 것이다.
조선 단종때 생육신의 한사람인 어계 조려가 세조의 왕위찬탈에 격분하여 조정을 등지고 고향에 돌아온 후 그 앞 냇가에서 낚시를 했다고 전한다.
현판 오른편에 백세, 왼편에 청풍이란 현판이 있다."
함안여행,역사여행,합강정,https://www.haman.go.kr/01834/01860/01902.web,"경치 좋은 절벽 위에 합강정
대산면 장암리 용화산 북편으로 남강과 낙동강이 합류하는 곳에서 1Km정도 낙동강의 강줄기를 따라 산길로 내려가면 경치 좋은 절벽 위에 합강정이 있다. 합강정은 조선 인조때 공릉참봉, 대군사부를 지내고 이 곳에 합강정을 세웠으며 그 후 수차례 중수하여 1980년에 전반적인 보수를 하였다."
함안여행,역사여행,함안악양루,https://www.haman.go.kr/01834/01860/01903.web,"악양마을 북쪽 절벽에 있는 정자
함안군 대산면 서촌리 산 122번지 내에 위치하며 악양마을 북쪽 절벽에 있는 정자로, 조선 철종 8년(1857)에 세운 것이라 한다.
악양루(岳陽樓)는 전망이 아주 좋은 곳에 자리잡고 있는데, 정자 아래로는 남강이 흐르고, 앞으로는 넓은 들판과 법수면의 제방이 한 눈에 들어온다.
한국전쟁 이후에 복원하였으며, 1963년에 고쳐지어 오늘에 이르고 있다. 앞면 3칸 · 옆면 2칸 규모의 건물로, 지붕은 옆면에서 볼 때 여덟 팔(八)자 모양인 팔작지붕이다.
정자의 이름은 중국의 명승지인 '악양'의 이름을 따서 지었다고 전한다. 지금은 '기두헌'(倚斗軒)과 청남 오재봉(菁南 吳齋峯)이 쓴 '악양루'라는 현판이 남아 있으며, 1992년 10월 21일 문화재자료 제190호로 지정되었다."
함안여행,역사여행,함안 광심정,https://www.haman.go.kr/01834/01860/01904.web,"용성송씨(龍城宋氏) 문중에서 젊은 사람들이 수학을 목적으로 건립한 정자
함안군 칠북면 봉촌리 230번지 내 위치한 광심정(廣心亭)은 조선 선조 2년(1569) 영산군 길곡리에 칩거하고 있던 용성송씨(龍城宋氏) 문중에서 젊은 사람들이 수학을 목적으로 건립한 정자(亭子)로서 조선 현종 5년(1664)에 성리학자인 송지일(宋知逸)선생이 선비들과 더불어 학문을 연구하기 위해 자신의 호를 따라서 광심정으로 편액(扁額)하였으며, 낙동강변의 절벽 위에 자리잡고 있다. 임진왜란(1592) 때 파손되어 여러 번 고쳐 지었다.
건물은 앞면 · 옆면 2칸 규모이며 지붕은 옆면에서 볼 때 여덟 팔자 모양인 팔작지붕이다.
앞쪽은 마루로 꾸몄고, 뒤쪽에는 방을 두었으며, 1995년 5월 2일 문화재자료 제217호로 지정되었다."
함안여행,문화/체육,전체,https://www.haman.go.kr/01834/01861/01905.web,
함안여행,문화/체육,함안박물관,https://www.haman.go.kr/01834/01861/01906.web,"2003년 10월에 개관한 함안박물관
대여유물 140여 점과 기증ㆍ기탁유물 1,000여 점 등 총 1,140여 점의 유물들을 전시, 수장하고 있다.
함안박물관은 2003년 10월에 개관하여 2005년 6월 제1종 전문박물관으로 등록되었으며, 현재 대여유물 140여 점과 기증ㆍ기탁유물 1,000여 점 등 총 1,140여 점의 유물들을 전시, 수장하고 있다.국가 사적 제84ㆍ85호로 지정되어 있는 도항ㆍ말산리 고분군의 서쪽에 자리잡은 함안박물관은 배후의 아름다운 유적경관과 어우러져 관람객과 군민들에게 문화휴식공간으로 사랑받고 있다.
또한 함안박물관은 전시뿐만 아니라 여러 가지 사회교육프로그램을 개발ㆍ운영하는 등 능동적인 문화교육기관으로서 역할을 하고 있으며, 나아가 문화유적과 유물에 대한 학술조사활동과 자문기능을 통해 함안의 문화유적 보호와 문화컨텐츠 개발에 중추적인 역할을 담당하고 있다."
함안여행,문화/체육,함안문화예술회관,https://www.haman.go.kr/01834/01861/01907.web,"대공연장 510석, 다목적홀 154석 등 다양한 시설을 갖춘 문화공간
2005년 3월 개관한 함안문화예술회관은 지하 1층, 지상 2층, 건축연면적 4,689㎡이며 대공연장 510석, 다목적홀 154석과 다양한 규모의 전시실, 연회장 등이 갖춰져 있고 함주공원 내 야외공연장, 프린지 무대 등과 연계한 문화예술행사로 군민의 문화생활을 풍요롭게 만들고 있다."
함안여행,문화/체육,함안문화원,https://www.haman.go.kr/01834/01861/01908.web,"문화의 공간으로 향토문화 전승 및 평생교육
향토문화 전승과 함안의 얼과 문화향기를 드높이는 평생교육의 공간이다.
함안문화원은 지역의 향토문화 전승과 함안의 얼과 문화향기를 드높이는 평생교육의 산실로 자리매김코자 1965년 5월 건립하여 2009년 5월 신청사로 이전하였으며, 문화원은 사무실과 연습장을 비롯해 전시, 강의, 도서, 영상, 회의실 등 시설을 갖춘 문화의 공간이다."
함안여행,문화/체육,함안공설운동장,https://www.haman.go.kr/01834/01861/01909.web,"함안공설운동장은 군민의 여과활용 및 체력증진
함안공설운동장은 군민의 여과활용 및 체력증진을 위하여 조성되어 있으며, 함주공원, 스포츠타운, 문화예술회관과 연계되어 있다.
주요시설은 주경기장, 다목축구장, 마사토구장, 테니스장, 족구장, 게이트볼장 등을 갖추고 있으며 주경기장은 야간경기를 할 수 있도록 조성되어 있다."
함안여행,문화/체육,국민체육센터,https://www.haman.go.kr/01834/01861/01910.web,"국민체육센터는 칠원읍 용산리 일원에 지하 1층 ~ 지상 3층 건물로 하루 300명을 수용할 수 있는 시설물로서 용도는 수영장, 헬스장 등 체육시설과 문화관람실, 인터넷부스 등 문화시설, 관리실이 있어 군민들은 다양한 취미활동을 즐길 수 있다.
지상1층은 수영장, 유아풀, 스파·기포·침탕으로 구성되어 있고, 지상 2층은 123평 규모의 헬스장과 휴게실이 들어서 있으며 3층은 군민들이 무료로 자유롭게 이용할 수 있는 공간으로 문화예술 활동을 할 수 있는 문화관람실과 문화창작실, 독서실, 인터넷부서가 설치돼 있다."
함안여행,문화/체육,함안승마공원,https://www.haman.go.kr/01834/01861/01911.web,"함안승마공원은 자연과 어우러진 탁트인 공간에서 승마를 비롯한 다양한 놀이시설을 갖춘 온가족 문화레저공간입니다.
경남 최고의 승마시설과 다양한 체험 프로그램으로 가족, 연인, 친구들과 소중한 추억을 쌓을 수 있는 공간입니다.
주요 시설 현황
마사 : 56칸의 넓은 마방과 복도로 쾌적한 실내 조성
실내외마장 : 3동의 실외, 2동의 실내마장, 1동의 원형 승마체험장
승마체험로 : 야외에서 즐기는 승마체험 코스(왕복 300m)
외승코스 : 말과 함께하는 환상적인 숲속 트레킹 코스(10.5㎞)
승마란
생명이 있는 말과 일체가 되어야 하는 특수한 성격을 지닌 운동으로서 신체를 단련하고 기    사도 정신을 함양하여 호연지기를 기르는 스포츠.
올바른 신체 발달을 돕는 전신운동인 동시에 대담성과 건전한 사고력을 키우고 동물 애호정    신을 통해 인간애를 고양시키는 정신운동"
함안여행,문화/체육,함안스포츠타운,https://www.haman.go.kr/01834/01861/01912.web,"함안공설운동장과 연계하여 축구장, 궁도장 등 스포츠타운을 함안공설운동장 인근에 조성을 하였다. 지역주민들의 생활체육을 향상시키고 지역경제 활성화에 기여한다.
조성된 시설은 축구장 3면(인조2, 천연1), 궁도장, 테니스장, 농구장 등이 있다.
인근과 연계하여 즐길만한 곳은 문화예술회과, 함안공설운동장, 함주공원이 있어 주민의 문화 및 생활체육시설로도 인기가 있다."
함안여행,문화/체육,함주공원,https://www.haman.go.kr/01834/01861/01913.web,"함안 군민들의 건강증진과 정서적 함양을 위한 공간이며, 4계절의 경치를 오감으로 느낄 수 있는 공원으로 2003년도에 조성되었다.
또한 각종 문화·체육시설이 함주공원과 인접해 있어 다양한 문화생활을 누릴 수 있으며 야간에도 경관조명의 아름다움으로 군민들의 생활 속에 마주 할 수 있는 공원이다.
군민뿐만 아니라 관광객에게 항상 열려 있는 함주공원은 언제나 쾌적한 공간으로 만나 볼 수 있다.
기본현황
면 적 : 60,717㎡(2003년 조성완료)
시설현황
기본시설 : 주차장 1개소(84면), 중앙광장, 진입광장, 상징마당
체육시설 : 다목적 운동장, 평행봉 등
편의시설 : 팔각정, 파고라, 벤치, 화장실 2개소 등
조경시설 : 잔디(24,349㎡), 산책로, 지압보도, 계류시설 등"
함안여행,문화/체육,충의공원,https://www.haman.go.kr/01834/01861/01914.web,"충의공원은 함안출신의 항일독립운동 애국자 및 6ㆍ25 전쟁 당시 희생자를 추모하기 위해 충의탑 및 위패 봉안각을 설치하였습니다.
이 곳을 역사공원화함으로써 후손들에게 순국선열 및 호국영령들의 높으신 뜻을 가슴 깊이 되새겨보고, 자라나는 새싹 및 군민에게는 역사교육의 장 및 휴식공원으로서의 장소를 제공하고 있습니다.
역사
1999.03.11 새천년기념사업으로 3ㆍ1운동 유공자 기념비 및 사우건립사업으로 확정
2003.10.26 도시관리 계획변경 결정(근린공원)
2003.12.19 공원명칭 변경(역사공원 → 충의공원)
2004.12.30 ""충의탑"" 상징조형물 공모 확정
2005.01.19 문화재청 문화유적발굴조사 완료
2006.02.08 충의공원 상징조형물 설치
2006.02.22 충의공원 충의탑 복합시설 설치
2006.10.17 충의공원 완공
현황
위치 : 함안군 가야읍 도항리 55-1번지 일원
부지면적 : 14,770㎡
조성내용
충의탑 및 복합시설(위패봉안소)
호국무공수훈자 전공비 및 화장실
공원 편의시설등
준공일 : 2006년 10월 17일
위패봉안소
위패봉안 : 총1,381위
6ㆍ25전몰 군경 등: 1,099위
항일(독립유공, 광복) 유공 : 193위
임란공신 : 89위 (임란공신 69, 호란공신 20위)
위패실 면적 : 89㎡
함안충의탑기
민족정신이 없는 나라는 근원 없는 강물과 같아 오래 지속될 수가 없다. 우리 민족은 강인한 민족정신이 있기에 오천년의 역사를 면면히 유지해 오고 있는 것이다.
백두산 정기가 뻗어내려 국토의 남단에 이르러 맺혀 여항산 파산 광려산이 병풍처럼 솟았고, 북으로 남강 동으로 낙동강이 감돌아 흐르며 기름진 삶의 터를 형성했으니, 여기가 바로 우리가 생명을 부여받아 숨쉬고 있는 함안이다.
인걸은 지령이라 했듯이, 장구한 세월 동안 훌륭한 인물들이 배출되어 온 우리고장, 선비는 책을 읽고 농부는 밭을 갈고 여인들은 길쌈을 하면서 찬란한 문화를 가꾸며 역사를 만들어 온 곳이다.
우리 조상들은 투철한 애국애족 정신을 갖고서 나라 일을 남 먼저 걱정하고 나라에 어려움이 있을 때는 목숨 바쳐 앞장섰다. 이에 우리 후손들에게 긍지와 분발하는 정신을 물려주었다.
임진왜란과 병자호란을 당하여 선비들이 책을 덮고 칼과 활을 잡고 분연히 일어나 정의로 호소하니, 백성들이 앞 다투어 모여 용감하게 싸워 왜적을 격퇴하여 마침내 우리 강토를 지켜냈다.
왜놈들의 36년 학정은 이 민족에게 더 없이 큰 굴욕이었다. 그러나 우리조상들은 잔악한 놈들의 총칼도 두려워하지 않고 조국독립을 위해 결사항전하여 놈들의 간담을 서늘하게 만들었다. 경남에서 가장 먼저 가장 격렬하게 독립운동이 전개된 곳이 바로 우리 고장이니, 그 충의는 청사에 영원히 우뚝하리라, 칠북의 연개 3ㆍ1독립운동은 경남독립운동의 기폭제가 되었고, 함안읍 의거에서는 파리 만국평화회의에 독립을 청원하려 하였고, 군북의거는 삼남지방에서 가장 많은 희생자를 낼 정도로 치열하였다. 우리 고장의 3ㆍ1독립운동은 10회에 걸쳐 1만2천여명이 참가한 대규모 시위였다. 그 이후로도 군북보통학교 항일시위, 동창야학교사건, 법수항일 시위 등에서 민족혼이 살아 있음을 보여주었다.
동족상잔의 한국전쟁 때 우리 고장은 최후방어선이 되어 격결한 전투가 계속되어 참화가 가장 극심하고 많은 인명희생이 있었으나, 우리 고장의 젊은이들이 자유수호에 적극 동참하여 조국을 지켜냈는데, 이는 오늘날 번영의 원동력이 되었다.
앞으로 있을지 모를 어떠한 외침도 우리 고장 백성들은 의연한 충의정신으로 혼연일체가 되어 격퇴해 낼 역량이 갖추어져 있다.
오늘 우리 후손들이 누리는 이 자유와 번영은 조상들이 흘린 피와 땀의 댓가 아닌 것이 없다. 그러나 지금까지 우리들은 조상의 정신을 계승하는 일에 소홀히해 온 것이 사실이다. 만시지탄이 없지 않지만 이제 이 고장 백성들의 정성을 모아 충의탑을 건립하여 조상의 그 숭고한 정신을 영원히 계승할 것을 다짐하는 바이다.
역사는 단순한 과거의 기록이 아니고, 현재에 살아 숨쉬는 생명이다. 조국 위해 목숨 바친 조상들의 정신이 우리 후손들의 가슴에 살아 있어야만 충의의 고장 함안의 자존심이 지켜져 나갈 수 있다. 이 나라 이 민족을 더 번성하게 더 강대하게 만들고 나아가 조국통일의 대업을 완수하는 것이 조상들의 충의에 대한 후손들의 임무를 다하는 것이다. 이 충의탑은 우리 민족의 저력인 함안의 충의정신을 내외에 발양하는 원천이 될 것이다.
저 창공에서 굽어보고 계신 여러 영령들은 우리 후손들을 바른길로 인도하여 더 발전된 고장을 이루게 살펴주소서.
2006년 6월 6일 문학박사 경상대학교 교수 허권수는 삼가 짓는다."
함안여행,문화/체육,법수공원,https://www.haman.go.kr/01834/01861/01915.web,"지역특산품 수박 조형물로 공원안내 판이 설치된 법수공원
함안군 법수면 주물리에 소재한 법수공원은 주물제방 보강공사로 제방으로서의 기능이 쇠퇴된 옛 독산 폐제방 부지(34,000㎡)를 이용하여 공원으로 정비된 곳이다.
위치는 지방도1011호선을 따라 함안 가야에서 법수 석무를 지나 의령, 백곡교 가기전에 위치한 독산마을에 지역의 명물인 수박을 조형물로 만든 「법수공원」안내판이 설치되어 있어 누구나 쉽게 접할 수 있고 다양한 편의시설이 설치되어있다.
공원시설은 부지 34,000㎡위에 산책로를 정비하고 배구장, 족구장 등의 운동시설과 평상, 팔각정 등의 쉼터와 허리지압기, 허리돌리기 등의 운동기구가 설치되어있으며, 메타세쿼이아 등 7~8종의 나무가 식재되어 있어 한눈에 보이는 남강의 정치와 함께 사계절의 운치를 맞볼 수 있는 곳이다.
법수면에서는 독산 폐제방이라는 이름이 느낌이 좋지 않아 면 개발자문위원회를 비롯한 각계 각층의 여론을 수렴하여 법수 공원으로 명명하고 2008년도 참살기좋은 마을가꾸기 사업 2천만원(국비)과 군비 2천만원 도합4천만원을 투자하여 공원으로서 정비함으로써 인근11개 마을 800여명의 군민들과 기업체 근로자들은 물론 날로 교통량이 증가되고 있는 지방도 1011호선을 지나는 운전자들에게도 좋은 휴식공간으로 이용될 것으로 예상하고 있다."
함안여행,문화/체육,창녕함안보,https://www.haman.go.kr/01834/01861/01916.web,"창녕함안보는 아라가야 라는 지역적 특성을 반영하고 낙동강을 품은 큰 고니의 날개를 모티브로 큰 고니의 비상과 녹색 성장의 날개를 형상화한 친환경 다기능보로 디자인 되었다.
창녕함안보 사업 개요
사업 구간 : 13.14km
생태하천 3개 지구 조성(4.4㎢, 여의도 면적의 50%)
다기능보 : 1개소, 549m
교량 : 644m
수력 발전소 : 1,250kwh × 4기(연간 30Gwh / 8,000여가구 공급가능)
기대 효과
홍수를 예방하고, 안정적인 용수 확보
수질개선 및 주민 문화시설인 수변생태공간 조성
청정에너지 생산 (연간 30Gwh / 8,000여가구 공급가능)
지역 경제 활성화
- 인근 관광지 : 칠서 수변 생태공원, 광심정, 합강정, 반구정
- 관련 홈페이지 : 4대강 이용도우미(http://www.riverguide.go.kr)"
함안여행,문화/체육,강나루오토캠핑장,https://www.haman.go.kr/01834/01861/01917.web,"풍요로운 여가생활을 위해 함안군에서 조성한 공공 야영장이다. 야영사이트는 총 137면으로(제1캠핑장 60면, 제2캠핑장 77면) 이 외에 산책로, 자전거 도로, 축구장, 농구장, 인라인 스케이트장 등 체육시설이 마련돼 있다. 넓고 쾌적한 시설, 아름다운 경치, 저렴한 요금이 장점이다.
시설현황
위치 : 경남 함안군 칠서면 삼칠로 1235-50 일원
캠핑면수 및 면적
1야영장 : 120면 / 21,000㎡ (60면만 이용가능)
2야영장 : 77면 / 33,660㎡ (부채꼴)
기반시설
잔디광장, 다목적 광장
화장실 5동, 샤워장 4동, 음수대 4개소, 분리수거 3개소
전기분전함(36개소) 및 Wi-Fi 무료제공
안내방송시설(8개소), 관리사무소(32㎡)
예약안내
예약접수 : 인터넷 예약(1인 1면만 예약가능, 최대2박3일)
문 의 처 : 오토캠핑장 관리사무소(☎055-586-2510)
함안 강나루 오토캠핑장 사용료
함안 강나루 오토캠핑장 사용료를 시설명, 구분, 사용기준, 성수기, 비수기, 비고 등으로 정리한 표
시설명
구분(정원 및 면적)
사용기준
주말공휴일(금,토)
평일(일~월)
비고
오토캠핑
1개소(5인)
1개소/1일(1박기준)
40,000
30,000
전기 및 Wi-Fi사용료 포함
1일 사용시간
당일 14:00 ~ 익일 11:00 기준이며, 퇴실시간 초과 시 추가요금 징수
1시간 초과 2시간까지 3,000원, 2시간 초과 4시간까지 6,000원, 4시간 초과 시 1일 사용료 추가
사용료 감면 대상
사용료 감면대상을 50%감면, 30%감면을로 정리한 표
구분
주요 내용
50%감면
「장애인복지법」제2조에 따른 장애인
「국가유공자 등 예우 및 지원에 관한 법률」시행령 제4조 및 제6조에 따른 국가유공자
「5ㆍ18민주유공자예우에 관한 법률」제4조 및 제7조에 따른 5.18민주유공자
「국민기초생활보장법」제2조에 따른 국민기초생활수급자
「한부모가족지원법」제4조에 따른 한부모가족
함안교육지원청 및 학교장의 추천을 받은 관내 초ㆍ중ㆍ고등학생의 수련활동 참여자
30%감면
「주민등록법」에 따라 함안군에 주소를 둔 사람
타 지역 교육장 및 학교장의 추전을 받은 관외 초ㆍ중ㆍ고등학생의 수련 활동 참여
감면대상자는 감면 사유를 증명할 수 있는 서류를 제출하여야 한다.
면 항목이 중복되는 경우에는 그 중에서 유리한 하나만을 적용한다.
사용료 환불 기준
사용료 환불 기준을 취소일, 비율에 따라 정리한 표
구분
주요 내용
취소일
사용예정일
7일 전에 취소
사용 예정일
5일전 취소
사용 예정일
3일전 취소
사용 예정일
1일전 또는
당일 취소
재난 발생 및 불가항력적인 경우 기일에 관계없이 전액 반환
반환액
선납금액 전액
반환
선납금액
100분의 70 반환
선납금액
100분의 50 반환
선납금액
100분의 20 반환"
함안여행,문화/체육,애국지사산돌손양원기념관,https://www.haman.go.kr/01834/01861/01918.web,"함안군 애국지사 산돌 손양원목사 기념관
함안을 빛낸 역사인물인 손양원 목사의 애국 혼과 숭고한 박애정신을 기리기 위해 손양원목사의 생가터 주변 부지 3,656㎡에 복원생가 1동과 전시장, 기록보관실, 영상실 등으로 지상2층 지하1층의 기념관을 2015. 9. 30. 완공하여 개관.
애국지사 손양원 목사의 인생 전체에서 드러나는 큰 교훈적 가치인 “나라사랑”, “사람사랑”, “하늘사랑”의 세가지 테마로 구성되어 손양원목사 일대기 및 함안의 독립운동사를 함께 관람할 수 있다.
“애국지사 손양원” 인물보기
일제의 신사 참배 강요에 끝까지 맞서며 투쟁한 목사이자 항일 독립 운동가이다.
1938년 평양신학교를 졸업하고 1939년 7월 14일 여수애양교회 전도사로 부임하기까지 목사 없는 교회를 순회하며 전도에 전력하였으며 신사 참배 반대 운동으로 1940년 9월부터 1945년 8월까지 옥고를 치르다 해방을 맞아 출옥하게 되었다. 또한 장로교 목사로서 소록도의 나환자들 수용소인 애양원(愛養園)에서 나환자들에 대한 구호 사업과 전도 활동에 전력하였다. 그의 일대기인 『사랑의 원자탄』은 영화로도 제작되었으며, 저서로는 『산돌 손양원 목사 설교집』이 있다. 한편 손양원은 여순사건 당시 공산주의자에게 두 아들이 살해되었으나 오히려 그 가해자를 용서하고 양아들로 삼은 일화로도 널리 알려져 있다
기념관 이용안내
위 치 : 함안군 칠원읍 덕산4길 39
건축규모 : 1,268.06㎡(지하1층, 지상 2층, 복원생가)
지하 1층 : 펌프실(58.00)
지상1층 : 홀,사무실,기록보관실 등(588.01)
지상 2층 : 전시실(594.75)
생가(27.30)
운 영 일 : 연중 (휴관일 : 일요일, 1월 1일, 설날, 추석)
운영시간 : 09:00∼18:00
문의 : Tel 055-587-7770 Fax 055-586-1770"
함안여행,문화/체육,대암 이태준 기념관,https://www.haman.go.kr/01834/01861/01919.web,"대암 이태준 기념관은 애국지사 이태준 열사의 서거 100주기 즈음하여 2021년 개관하였습니다. 본 기념관에는 이태준 열사의 호적부와 세브란스 병원 의학교 졸업사진 등 관련 전시물과 사진이 전시되어 있으며, 특히 출생지인 대한민국 경남 함안에서 몽골까지의 여정을 쉽게 이해할 수 있도록 터치스크린, 애니메이션, 홍보영상물이 있으며 나라사랑 정신과 박애정신을 다시 한 번 더 되새길 수 있는 계기가 될 수 있습니다.
대암 이태준 기념관 외부에는 함안독립공원이 조성되어있어 관람객과 군민들에게 역사교육 기능뿐만 아니라 옛 군북역의 향취를 느끼게 해주는 문화휴식공간기능 또한 제공하고 있습니다.
부지 면적 : 4,008㎡
전시실 개수, 총 면적 : 1개, 182.82㎡
건물 연면적 : 494㎡
오시는 길
오시는길(버스) : 함안시외버스터미널->군북행 농어촌 버스 이용, 군북면사무소 하차 (약 17분 소요)
오시는길(기차) : 기차 군북역 하차 후 도보이용(약 1.6km, 23분 소요)
오시는길(승용차) : 군북IC → 군북면사무소 → 이태준기념관(약 4.9km, 6분 소요)
주차장 정보
일반주차장 : 자가용 30여대, 대형버스 2대~3대 수용 가능
장애인전용 주차구역 1곳, 기념관 정면 기준 좌측 위치
주차장 이용 시간 09:00~18:00"
함안여행,문화/체육,만우 조홍제 회장 생가,https://www.haman.go.kr/01834/01861/01920.web,"동방의 밝은 별을 꿈꾸며 불굴의 기업가 정신으로 조국 근대화의 기틀을 다진 효성그룹 창업자 만우 조홍제 회장이 태어난 집
1906년 5월 20일, 한국경제 발전을 이끈 만우(晩愚) 조홍제(1906~1984) 회장께서 태어난 생가입니다.
이 생가는 만우회장의 5대 선조부터 터를 닦아왔으며, 조선 후기의 한옥으로 실용적인 건물 배치, 장식을 배제한 담백함이 특징입니다.
마을 인근에는 낙동강의 지류인 남강이 흐르고, 뒤편으로는 백이산과 숙제봉이 둘러서 있어, 예전부터 좋은 터라 불리우고 있습니다.
생가는 대지면, 별채, 사랑채, 광채, 안채 등이 자리잡고 있습니다. 구성은 다른 고택들과 유사하지만, 다른 점이 있습니다.
산기슭에 기대어 위치하지 않고 들판 가운데 위치하여 이동거리를 줄이는 한편 대문채 밖에 큰 마당을 두어 작업의 효율을 높였습니다.
또한 우물과 광채는 숨어 있지 않고 안마당과 가까이 하여 사용이 편리하도록 하였습니다.
단순한 농사가 아닌, 농업 경영을 하신 것이 건물에서 나타납니다.
만우조홍제
만우 조홍제 회장은 부친 용돈 공과 모친 순흥 안씨 부봉 여사의 맏아들로 태어났습니다.
1922년부터 서울로 유학한 회장은 1926년 6·10 만세 운동의 주모자로 옥고를 치뤘고, 고향으로 돌아와 1936년 군북 금융조합의 조합장으로 피선, 동조합의 3선 조합장으로서 면내 자작농을 육성하는데 힘을 쏟았습니다.
1948년 호암 이병철 선생과 동업하여 삼성물산을 세웠고, 제일모직, 제일제당 등의 회사를 설립해 키움으로써 오늘날 삼성그룹의 기반을 마련하였습니다.
이후 독자 사업을 모색하던 회장은 1966년 동양나이론을 설립하고, 이를 발전시켜 오늘날 효성그룹, 한국타이어그룹 등 세계적인 기업들을 만들어 내는 위업을 이루었습니다.
오시는 길
서울, 대전, 산청 방면: 대진고속도로→단성IC→20번 국도→의령→함안
대구 방면: 중부내륙고속도로 현풍IC→67번 국도→구지,이방→20번 국도→함안
부산, 마산 방면: 남해고속도로 함안IC→1011번 지방도로→백곡교→함안
남해, 진주 방면: 남해고속도로 군북IC→79번 국도→20번 국도→용덕→함안"
함안여행,역사/인물,지명유래,https://www.haman.go.kr/01834/01862/01921.web,
함안여행,역사/인물,전설,https://www.haman.go.kr/01834/01862/02166.web,
함안여행,역사/인물,함안인물,https://www.haman.go.kr/01834/01862/01934.web,
함안여행,역사/인물,아라홍련,https://www.haman.go.kr/01834/01862/02210.web,
함안여행,역사/인물,추억으로보는함안,https://www.haman.go.kr/01834/01862/02211.web,
함안축제,"열두 달, 축제",전체,https://www.haman.go.kr/02212/02213/02216.web,
함안축제,"열두 달, 축제",아라가야문화제,https://www.haman.go.kr/02212/02213/02217.web,"함안은 500년 아라가야의 찬란한 문화유적지
함안은 일찍이 6가야 중의 맹주국이었던 아라가야로 그 얼과 슬기를 보전하기 위하여 축제이름을 ‘아라제’라 이름을 붙이고 1983년 1회를 시작으로 매년 개최해오다 군민여론을 수렴하여 2004년 2월 14일 군민의날·아라제위원회 정기총회에서 4월 15일을 군민의 날로 결정하였다.
2017년에 함안을 널리 홍보하기 위해 ‘함안아라문화제’로 축제 명칭을 변경하고 2019년까지 매년 개최했다. 2020년부터 2021년까지는 코로나19 감염병 확산으로 인하여 축제가 미개최 되었다.
2020년 '함안아라문화제'에서 ‘아라가야문화제’로 변경하였고, 2022년부터 군민의 날 축제와 분리하여 단독으로 개최하고 있다.
2023년에는 10월 6일부터 3일간 개최됐으며, 2024년에는 10월 11일부터 3일간 개최 예정이다."
함안축제,"열두 달, 축제",처녀뱃사공전국가요제,https://www.haman.go.kr/02212/02213/02218.web,"처녀뱃사공의 진원지 함안을 널리 알리기 위한 처녀뱃사공 전국가요제
국민애창곡인 처녀뱃사공의 진원지 함안의 이미지를 대내외에 널리 알리고자 매년 아라가야문화제와 함께 개최해오고 있다.
전국의 만 16세 이상 60세미만의 남녀 누구나 참여할 수 있으며 예심과 본심을 치러 대상, 금상, 은상, 인기상, 장려상을 상금과 함께 수여하며 대상과 금상 수상자는 한국연예예술인총연합회 가수인증서가 교부된다.
국민가요 <처녀뱃사공>
국민가요 <처녀뱃사공>은 유랑악단 단장인 윤부길(가수 윤항기, 윤복희의 父)씨가 악양 나루에서 두 처녀가 노를 저어 길손이 강을 건너게 해주는 모습을 보고, 그 애처로운 모습과 악양나루의 아름다움을 잊지 못해 한복남씨에게 작곡을 의뢰하여 탄생한 곡이다.
악양루(문화재자료 제190호)를 찾아가다 보면 고개 중턱에 처녀뱃사공 노래비(함안군 대산면 서촌리 1338)가 세워져있다."
함안축제,"열두 달, 축제",함안낙화놀이,https://www.haman.go.kr/02212/02213/02219.web,"함안낙화놀이는 숯가루를 이용해 만든 낙화봉을 매달고 불을 붙여 놀던 전통 불꽃놀이이다.
조선 선조 때 함안군수로 부임한 한강 정구가 군민의 안녕과 풍년을 기원하며 매년 부처님오신날에 개최했다고 전한다. 조선 고종 때 함안군수를 지낸 오횡묵이 쓴 『함안총쇄록』에 “함안읍성 전체에 낙화놀이가 열렸으며 이를 보기 위해 많은 사람들이 성루에 올랐다”고 기록되어 있다.
일제의 민족정기 말살정책으로 중단된 것을 1985년에 복원하여 오늘에 이르고 있다.
함안낙화놀이는 고유성을 인정받아 2008년 10월 경상남도 무형유산으로 지정되었으며, 낙화놀이용 낙화봉 제조 방법이 2013년 8월 특허 등록되었다. 참나무 숯가루를 광목 심지와 한지에 싸서 만든 낙화봉 수천개에 하나하나 불을 붙이면 바람의 강약에 따라 떨어지는 불꽃이 연못을 수놓는다. 2시간 여 떨어지는 불꽃이 한 폭의 그림과 같아 생전에 꼭 보아야 할 명장면으로 꼽힌다."
함안축제,"열두 달, 축제",함안수박축제,https://www.haman.go.kr/02212/02213/02220.web,"겨울수박의 80%정도의 시장 점유률을 자랑하는 함안수박
전국 수박 생산의 11%, 경남의 36%를 차지하고 있으며 남강과 낙동강의변의 기름진 층적토와 동서간의 폭이 29Km, 남북간의 길이가 30Km로 겨울철 햇빛쪼임이 좋고 눈(폭설)피해가 없는 온화한 기후에서 생산되고 있으며 200년 이상의 재배역사성과 대한민국에서도 가장 일찍 출하되는 함안수박은 겨울수박의 80% 정도의 시장 점유률을 자랑하고 있다. 2010년도 기준 1800여농가에서 1900여 톤을 생산 700억원의 매출을 자랑하고 있으며 다양한 기능성컬러수박(씨 없는 수박, 유색계 수박)생산의 본고장으로서의 명성이 널리 알려져 있다. 대한민국 대표수박 함안수박축제는 2009년 제16회 수박축제를 군단위 축제로 격상 성공적으로 추진였으며 2011년도 제18회를 맞이하게 되었다.
행정구역 및 지리적 위치
행정구역
총면적 416.8㎢로 경남의 3.9%에 달하며 해발 10.4m에 위치하고 있음
1읍 9면 88개 법정리와 246개의 행정리, 839개의 반과 460개의 자연마을로 구성되어 있음
지리적 위치
서울에서 281Km 대구에서 67Km, 창원에서는 25Km에 위치함
동쪽으로는 창원시, 남동쪽과 동쪽은 마산시, 서쪽은 진주시, 서북쪽은 남강을 경계로하여 의령군이, 북쪽으로는 창영군이 낙동강을 경계로 접하고 있음
접근성
함안군은 남해고속국도 및 중부내륙고속국도와 국도 5호선, 79호선이 지역간 연결기능을 담당하고 있어 대전-통영간 고속국도, 신대구-부산간 고속국도와 연계시 대전, 대구, 부산 등 주요 관역도시와 1시간 30분 거리에 있는 접근성이 양호한 지역임
주요행사내용
식전행사 : 풍년농사기원제, 수박완 선발대회(수박아줌마 선발 등), 우수농가 시상식
전시·홍보전 : 우수농산물전시, 새로운품종 전시, 수박품평회, 수박조각전, 수박화분전시
경연대회 : 수박 트렄에 빨리싣기(한국기록원 등제), 수박품평회, 수박요리경연
이벤트행사 : 수박축구, 수박씨멀리밷기, 수박빨리먹기, 수박무게·당도 맞추기, 수박퀴즈 등
부대행사 및 서비스 : 수박특별 판매장 운영, 무료주점, 돼지고기 시식전, 수박화채제공 등"
함안축제,"열두 달, 축제",강주해바라기축제,https://www.haman.go.kr/02212/02213/02221.web,"강주 해바라기축제
함안군 법수면 강주마을 주민들이 힘을 합쳐 자체적으로 조성한 해바라기 꽃이 장관을 이루는 강주해바라기 축제가 올해로 13회째를 맞는다. 전체 해바라기 식재면적은 법수면 강주리 주변 37,000㎡에 이르며 전통과 문화를 부흥시켜 보자는 취지로 마을마다 지닌 끼를 모아 축제 한마당도 함께 펼친다.
기간 : 2025년 6월 18일 ~ 7월 2일(15일간)
주최 : 강주마을
주관 : 강주해바라기축제위원회
장소 : 법수면 강주마을 일원(함안군 법수면 강주4길 16)
주요행사내용 : 농특산물 판촉행사, 체험행사, 먹거리 등
강주해바라기축제 입장 안내
입장료 : 3,000원
무료입장 : 장애인, 미취학 어린이, 만70세 이상, 법수면민
관람시간 : 일몰까지"
함안축제,"열두 달, 축제",칠원고을(삼칠) 민속줄다리기,https://www.haman.go.kr/02212/02213/02222.web,"◆ 삼칠지역의 대표적인 민속행사, 삼칠민속줄다리기
삼칠지역(칠원읍, 칠서면, 칠북면)의 대표적인 민속행사로 1960년까지 용산천에서 지속되어오다 그 맥이 끊겼으나 2005년 재현하여 행사를 실시하고 있다. 삼칠면의 문화유산으로 삼칠면민의 단합과 우리 고유문화의 전통과 맥을 잇기 위해 매년 2~3월중에 개최하여 칠원읍, 칠서면, 칠북면 3개면의 주민들이 모두 참여하여 성대한 민속행사이다. 칠원고을(삼칠) 민속줄다리기는 윗줄과 아랫줄로 팀을 구성하여 3전2선승제로 진행되어 윗줄은 구성, 유원, 장남, 오곡,예곡, 용정, 무기리 주민으로 구성하고 아랫줄은 용산, 운서, 운곡리주민, 칠서면, 칠북면 주민으로 구성된다.
◆ 지역특성
칠원은 삼한시대에 변진(弁辰) 12개국의 하나인 접도국(接途國)이었으며, 가야시대에 와서는 칠포국(漆浦國)이었다. 신라때에는 칠토현(漆吐縣)이라 하였으나 신라경덕왕 16년(757년)에 칠제현(漆堤縣)으로 개칭되었다. 고려 태조23년(940)에 칠원으로 칭하였으며, 현종9년(1018)에 금주(김해)의 속현이 되었다. 1906년 함안군과 합병되면서 그 이름을 그대로 이어받아 칠원읍이라 칭하였으며, 1983년 2월 15일 칠북면 운서리 및 운곡리의 4개마을이 편입되었고, 2000년 9월 29일 무기리 무기마을을 무기1리, 무기2리 마을로 분동하여 현재 10개리 26개 마을을 관할하고 있다.
◆ 주요행사내용
전야제 : 초청가수 및 각종 공연단 공연, 불꽃놀이 등
식전행사 : 길제, 기원무, 대북공연 등
개회식 : 대회사, 격려사, 축사 등
줄다리기 재현 : 청룡, 백호 대항전(삼칠주민)
식후행사 : 노래자랑, 초청가수공연, 경품권 추첨 등
부대행사 : 페이스페인팅, 농산물 전시행사, 바둑 등
◆ 이용안내정보
주차시설 : 주변 주차시설 이용"
함안축제,"열두 달, 축제",함안예술제,https://www.haman.go.kr/02212/02213/02223.web,"함안예술제, 지역 문화예술단체에서 꾸준히 갈고 닦은 문화예술을 선보인다.
군민에게 국악·문인·미술·연예·음악·연극 등 다양한 장르의 문화예술을 향유할 수 있는 기회를 제공하고자 지역 문화예술단체에서 꾸준히 갈고 닦은 문화예술을 선보이고 수준 높은 공연도 초청하여 해마다 가을에 개최한다.
함안 문화예술의 향연인 함안예술제는 함안문화예술회관과 함주공원 일원에서 다채롭게 펼쳐진다.
주요행사내용
함안미술협회 회원전
개막식 및 함안예술인상 시상식
함안예술제기념 백일장
시낭송 대회
아라가야 전국국악경연대회
함안국악협회 정기연주회
연극협회 연극공연
군민과 함께하는 가을음악회
아라가야 합창제
이용안내정보
주차시설 : 자가용 약 400대"
함안축제,"열두 달, 축제",칠서 생태공원 청보리·작약 축제,https://www.haman.go.kr/02212/02213/03486.web,"칠서 생태공원 청보리·작약 축제
낙동강변에 위치한 강나루 생태공원에 드넓게 펼쳐진 청보리 밭에서 개최되는 축제이다.
무려 420,000㎡ 면적에 조성된 싱그러운 청보리와 함께 작약꽃 단지(33,000㎡)를 함께 즐길 수 있다.
불꽃놀이와 인기가수 초청 뿐 아니라 작약꽃 화분심기, 작약 액세서리 만들기, 사진 콘테스트, 승마체험, 열기구 체험 등 다채로운 부대행사와 이벤트가 준비되어 있다.
기간 : 2025년 5월 9일(금) ~ 5월 11일(일) , 3일간
※ 개막식 : 5. 9. (금) 18:00 ~ , (*불꽃놀이: 5. 9. 금. 20:30~20:40)
주최·주관 : 칠서 생태공원 청보리·작약축제 추진위원회
장소 : 칠서면 강나루생태공원 일원(함안군 칠서면 이룡리 998)
주요행사내용 : 청보리·작약 단지 관람, 농특산물 판촉행사, 체험행사, 먹거리장터 등
입장 안내
입장료 : 무료
주차 : 주차장 5개소(514면)
관람시간 : 제한없음
문의 : 010-3854-0685 (추진위원회 사무국장)
제2회 칠서 생태공원 청보리·작약 축제는 많은 관심과 참여로 지난 5월 12일자로 성공적으로 마쳤습니다.
현재는 작약꽃이 끝마무리에 이르러 꽃이 지고 있는 상황입니다.
내년에도 청보리·작약 축제에 방문객들이 즐길 수 있도록 잘 준비토록 하겠습니다. 감사합니다.
- 칠서 청보리·작약축제 추진위원회 드림 -"
함안축제,행사/공연,행사/공연,https://www.haman.go.kr/02212/02214/02224.web,
함안축제,연도별축제안내,함안군민의 날,https://www.haman.go.kr/02212/02215/02225.web,
함안축제,연도별축제안내,아라가야문화제,http://www.araje.or.kr/,
함안축제,연도별축제안내,함안수박축제,https://www.haman.go.kr/02212/02215/02227.web,
국가유산,문화재현황,국가유산현황,https://www.haman.go.kr/02284/02285/02295.web,
국가유산,보물,전체,https://www.haman.go.kr/02284/02286/02296.web,
국가유산,보물,함안 대산리 석조삼존상,https://www.haman.go.kr/02284/02286/02297.web,"모두 4구(軀)의 불상이 남아 있어서 하나의 석불군(石佛群)을 이루고 있다.
한절 즉 대사(大寺)라 전해지고 있는 이 사지는 함안면 대산리 1139번지 내 위치한다. 모두 4구(軀)의 불상이 남아 있어서 하나의 석불군(石佛群)을 이루고 있는데, 이 가운데 가장 완전한 상(像)은 2구의 보살입상(菩薩立像)인데, 형식이나 양식이 흡사하여 입불상의 좌우협시(左雨脇侍)로 조성되었음이 분명하다.
두 보살상은 타원형의 부드러운 얼굴이나 아담한 체구, 그리고 8각과 원형의 2단 대좌 등에서 통일신라 초기양식의 전통을 계승한 면을 보여주고 있지만, 원통형의 높은 관(冠)이나 작달막한 체구, 기하학적인 의문(依紋), 한복식 옷 등의 표현은 고려의 지방양식 석보살상(石菩薩像)임을 잘 나타내주고 있다.
입불상은 머리가 없지만 양감(量感)이 풍부하고 세련미가 있는 조각으로 상당한 수준의 작품이며, 파괴가 극심한 머리없는 좌불상은 온몸에서 나오는 빛을 형상화한 광배(光背)의 석질과 양식으로 보아 고려시대의 불상임을 확인할 수 있으며 1963년 1월 21일 보물 제71호로 지정되었다."
국가유산,보물,함안 방어산 마애약사여래삼존입상,https://www.haman.go.kr/02284/02286/02298.web,"방어산마애불 삼존상은 암면을 깍아 새긴 마애약사불상과 그 협시보살상이다.
함안군 군북면 하림리 산131번지 내 위치한 방어산마애불 삼존상(三尊像)은 암면을 깍아 새긴 마애약사불상(磨崖藥士佛像)과 그 협시보살상(脇侍菩薩像)인데, 신라 애장왕 2년(801)에 만들어진 신라 하대의 가장 저명한 마애불이다.
이 불상은 8세기의 이상적 사실주의 경향의 불상들과는 다소 다른면을 보여주고 있는데, 거구의 불상이지만 위장부적(偉丈夫的)인 당당한 체구가 아닌 현실적인 장대성을 나타내고 있다.
이런 특징은 정적(靜的)이며 침울하기까지 한 얼굴, 탄력감이 줄어진 신체 각부, 그저 둥글기만 한 어깨, 밋밋한 가슴과 배 등에서도 보이고 있는 것이다.
물론 일광보살(日光菩薩)의 강렬한 인상과 월광보살(月光菩薩)의 온화하고 우아한 얼굴 등에서 이상적인 양식이 다소 보이지만, 전체적으로 보면 8세기의 긴장감과 활력이 넘치던 이상적 사실주의 양식에서 한층 해이되고 한층 활력이 줄어진 현실적 사실주의 양식으로 이행되어 가던 변모과정을 잘 보여주는 801년의 절대연대를 가진 중요한 마애불상으로서 1963년 1월 21일 보물 제159호로 지정되었다."
국가유산,사적,전체,https://www.haman.go.kr/02284/02287/02299.web,
국가유산,사적,함안말이산고분군,https://www.haman.go.kr/02284/02287/02300.web,"말이산고분군 현황
함안 말이산고분군은 1964년 행정구역을 기준으로 도항리고분군(사적 제84호)과 말산리고분군(사적 제85호)으로 관리하여 오다가 발굴조사 성과를 바탕으로 동일한 시대와 성격의 무덤들이 조성되어 있는 하나의 고분군으로써 2011년 7월 28일 사적 제515호로 통합ㆍ재지정되었다. 사적으로 지정된 지번은 도항리 484번지 등 562필지이며, 면적은 525,221㎡로 가야시대 고분유적으로서는 최대급의 규모를 자랑한다.
말이산의 소유는 2013년 10월 현재 국유 78%, 사유 22% 정도이며, 관리자는 문화재청에 의해 함안군으로 지정되어 있다. 함안군에서 고분번호를 부여하여 관리하고 있는 가야시대 봉토분은 총 37기로, 가장 북쪽에 위치한 1호분부터 남쪽으로 진행하면서 주능선-가지능선 순으로 일련번호가 붙여져 있으며 가장 남쪽에 위치한 고분이 37호분이다. 하지만 1991년 국립창원대박물관의 정밀지표조사 결과, 기존 37기를 포함하여 모두 113기의 봉토분이 확인되었으며, 또 그간의 발굴조사 성과로 보면 봉토가 삭평되어 원형을 잃어버린 것까지 있어 이를 포함하면 1,000기 이상의 가야시대 고분이 조영되어 있을 것으로 추정하고 있다.
말이산의 봉토분은 아라가야의 전성기인 5세기 후반~6세기 초에 집중 조영되었으며, 그 분포는 남-북으로 이어진 주능선과 서쪽으로 완만하게 이어지는 가지능선의 정부(頂部)에 대형의 봉토분이, 사면부에 중소형의 고분이 위치하고 있다. 또한 말이산의 북쪽 일대에는 아라가야의 전신인 삼한시대 안야국(安邪國)의 목관묘와 목곽묘가 밀집 분포하고 있다. 따라서 말이산고분군은 기원 전후부터 아라가야 멸망 때까지 약 550년간의 고분들이 누대로 조영되면서 만들어진 것이다.
말이산고분군의 출토유물은 토기 2,010점, 철기 2,479점, 장신구 3,381점, 기타 91점 등 총 7,961점의 다종다양한 유물들이 출토되었다. 이는 아라가야가 독자적으로 형성, 발전시켰던 찬란한 문화상을 보여줌과 동시에 고대 한반도 남부의 일원으로서 주변국가의 교류, 갈등, 정복 등의 관계상을 잘 반영하고 있어 학술적으로도 중요한 의미를 지닌다.
말이산고분군에서 출토되는 토기는 주로 통모양굽다리접시와 불꽃무늬굽다리접시, 손잡이잔, 문양뚜껑, 각종 항아리와 그릇받침 등으로 4~5세기대 아라가야 양식의 특유의 토기들이다. 철기는 ‘철의 왕국’이라 일컬어지는 아라가야답게 수준 높은 철기들이 출토되는데, 둥근고리큰칼을 비롯한 쇠창, 화살촉 등의 무기와 투구와 판갑옷, 비늘갑옷 등의 무구, 말투구와 말갑옷을 비롯한 재갈, 안장 등의 말갖춤, 새모양장식을 붙여 만든 미늘쇠 등이다. 특히 대형봉분에만 부장되는 덩이쇠는 풍부한 철을 바탕으로 고대 국가로 성장한 아라가야의 진면목을 보여주고 있다. 한편, 각종 말띠드리개나 말띠꾸미개 등에는 금과 은을 활용한 장식적 요소들이 가미되어 있는데 이를 통해 지배층의 화려한 면모도 엿볼 수 있다. 또 아라가야의 대외교류를 가늠할 수 있고 아라가야를 상징하는 불꽃무늬토기가 있어 ‘철의 왕국’으로 불리었던 아라가야의 우수한 문화상을 엿볼 수 있다.
말이산의 제3~4가지능선 일대에는 함안박물관이 자리하고 있는데, 이는 함안군의 대표적인 문화시설로서 고분군의 경관과 잘 어울리고, 아라가야의 역사와 문화를 알리는 전시를 통해 말이산고분군의 가치를 더욱 높이고 있다.
(자료출처 : 함안박물관 개관 10주년 기념 특별전 도록)
함안말이산고분군 고분 분포도"
국가유산,사적,함안성산산성,https://www.haman.go.kr/02284/02287/02301.web,"현재 문지와 성벽의 일부가 남아 있으며, 일명 조남산성(造南山城)이라고도 한다
함안군 함안면 괴산리와 가야읍 광정리 사이에 있는 해발 139.4m의 조남산(造南山), 혹은 성산(城山)이라 부르는 산 위에 축조된 석축 산성으로 둘레가 약 1,400m이다. 현재 문지와 성벽의 일부가 남아 있으며, 일명 조남산성(造南山城)이라고도 한다.
이 산성의 정확한 축조 연대는 알 수 없으나 함안읍지에 의하면 이 산성은 가야국의 옛터라고 기록되어 있으며, 산성의 형식이 삼국시대의 유형을 따르고 있다. 한편, 산아래 북쪽 낮은 언덕인 말이산(末伊山)에는 같은 시대의 고분군이 군집하고 있는데, 성과 고분과는 고대부터 밀접한 관계를 가지고 있는 점을 감안하여 볼 때, 가야 시대의 유적지로 추정되고 있다.
성산은 북쪽에서 보면 독립된 구릉처럼 보이며, 서남쪽으로 계속되는 구릉지맥을 빼면 나머지 3면이 모두 비교적 경사가 급한 산세를 이루고 있다. 성안의 형태는 약간 오목하게 생긴 평탄한 지형인데, 대부분 논과 밭으로 경작되고 있다.
성벽은 산정상의 능선을 따라서 자연석 또는 활석을 이용하여 석루를 축조하였고, 동북쪽으로 높이 1m 가량의 석축 성벽과 동쪽에 높이 6~7m의 석축 부분이 잘 남아 있고, 성벽은 판상(板狀)의 활석과 면이 장방형 혹은 정방향의 활석을 수평으로 축조하고, 그 외측에 보축(補築)된 구조로 축조되어 있다. 성내의 면적은 약 102,500㎡이다.
최근 이 산성에 대한 학술발굴조사에서 성문이 있었던 동문지, 남문지가 실제로 확인되었으며, 그 밖에 배수로 시설, 池, 건물지 등의 유구(遺構)와 고배, 단경호 등 토기류, 귀면와, 암.수기와 막색등의 기와류를 비롯하여 명문목간(名文木簡)등의 중요 유물이 출토되어 역사적 가치를 인정받았으며, 1963년 1월 21일 사적 제67호로 지정되었다"
국가유산,사적,함안 가야리 유적,https://www.haman.go.kr/02284/02287/02302.web,"함안 가야리 유적은 아라가야의 전성기인 5~6세기에 축조된 국가적인 중요 시설물로 추정되는 토성과 건물지 등이 분포하는 유적으로, 아라가야 지배층의 실체를 규명할 수 있는 중요한 유적이며, 함안지역 가야의 실체를 밝힐 수 있는 역사적·학술적 가치가 높은 유적이다."
국가유산,천연기념물,전체,https://www.haman.go.kr/02284/02288/02303.web,
국가유산,천연기념물,함안용산리함안층새발자국산지,https://www.haman.go.kr/02284/02288/02304.web,"함안층의 새발자국화석은 중생대 백악기의 육성층인 함안층 상부에서 발견
함안군 칠원읍 용산리 299번지 내 위치한 함안층의 새발자국화석은 중생대 백악기의 육성층인 함안층 상부에서 발견되었다.
새발자국화석이 발견된 곳에는 '함안한국새(Koreanaornis hamanensis)'라고 이름 붙여진 새발자국과 진동새발자국 및 초식공룡의 발자국 화석이 있다.
함안한국새의 발자국이 대부분을 차지하며 진동새발자죽과 공룡발자국은 예외적으로 발견되었다. 백악기에는 공룡이 크게 번식한 시기였기 때문에 공룡의 발자국 화석은 많이 발견되었으나, 새발자국화석이 발견된 경우는 매우 희귀한 경우이다.
함안층의 새발자국화석은 세계에서 두번째로 연구, 발표된 것으로 새발자국화석의 희귀성은 물론 지질학적, 생물학적 자연사 연구자료로서의 가치가 높아 1970년 4월 24일 천연기념물 제222호로 지정하여 보호하고 있다."
국가유산,천연기념물,함안영동리회화나무,https://www.haman.go.kr/02284/02288/02305.web,"1982년 11월 4일 천연기념물 제319호로 지정
함안군 칠북면 영동리 901번지 내 위치한 회화나무는 오랜 세월동안 조상들의 관심과 보살핌 속에 자라왔으며, 문화적 · 생물학적 자료로서의 가치가 높아 천연기념물로 지정하여 보호하고 있다.
회화나무의 나이는 500년 정도로 추정되며, 나무의 크기는 높이가 26m, 가슴높이 둘레가 5.82m, 뿌리 근처의 둘레가 8.45m, 가지 밑의 높이가 4m이고, 가지의 길이는 동쪽이 9.6m, 서쪽이 12.76m, 남쪽이 11.0m, 북쪽이 12.00m이다.
1482년 광주 안씨(廣州 安氏)의 17대조이며 성균관 훈도를 지낸 안여거(安汝居)가 영동리에 정착(定着)할 때 심었다고 전하여 온다. 영동리에는 장춘사란 절이 있어서 주변의 아름다운 단풍으로 잘 알려져 있는 곳의 하나이다.
옛날에는 뿌리 근처에서 수액이 많이 흘렀는데, 이것을 속병 치료에 썼다고 한다. 마을사람들은 이 나무가 마을을 지켜주는 신성한 나무라고 믿고 있으며, 매년 음력 10월 1일에는 소나 돼지를 잡아놓고 동제를 지내왔으며, 1982년 11월 4일 천연기념물 제319호로 지정되었다"
국가유산,천연기념물,함안대송리늪지식물,https://www.haman.go.kr/02284/02288/02306.web,"늪지식물을 보호하기 위하여 천연기념물로 지정
함안군 법수면 대평리 일원에 위치한 대평늪은 남강을 끼고 발달했으며, 물의 깊이는 1.5~2m이다.
이 곳에 광주 안씨가 정착하면서 풍수지리에 근거하여 후손의 번창을 위해 늪지대를 보존하여 왔기 때문에 지금까지 남아있게 되었다. 이 곳에서 조사된 늪지식물로는 보풀, 자라풀, 줄풀, 세모고랭이, 창포, 개구리밥, 물옥잠, 골풀, 나도미꾸리낚시, 애기마름, 마름, 가시연꽃, 붕어마름, 털개구리미나리, 노랑어리연꽃, 통발, 뚜껑덩굴 등이 있으며 식물성 플랑크톤인 먼지말류와 돌말류도 발견되었다.
이 곳은 우리나라에서 늪지식물을 보호하기 위하여 유일하게 천연기념물로 지정한 곳으로 늪지 식물상 연구에 중요한 가치가 있을 뿐만 아니라, 우리 조상들이 이 늪지를 보호해 온 정신세계를 엿볼 수 있는 귀중한 자료가 되어 1984년 11월 19일 천연기념물 제346호로 지정하여 보존하고 있다"
국가유산,국가민속문화유산,전체,https://www.haman.go.kr/02284/02289/02307.web,
국가유산,국가민속문화유산,함안무기연당,https://www.haman.go.kr/02284/02289/02308.web,"주재성의 생가에 있는 조선 후기의 연못
함안군 칠원읍 무기리 966번지 내 위치한 무기연당은 주재성의 생가에 있는 조선 후기의 연못이다. 주재성은 조선 영조 4년(1728) 이인좌의 난 때 의병을 일으켜 관군과 함께 난을 진압한 인물이다. 관군들은 돌아가는 길에 그의 덕을 칭송하여 마을 입구에 '창의사적비(倡義事蹟碑)'를 세우고 서당 앞 넓은 마당에 연못을 만들었다.
연못 가운데에는 섬을 만들고 산의 모양을 본떠 놓았다. 이후 주재성은 연못의 이름을 '국담(菊潭)'이라 하고 호를 삼았으며, 연못가의 서당에서 학문에 전념하며 유유자적하였다.
연못의 서북쪽에는 오래된 정침 한 채가 남아 있으나, 많은 부분을 고쳐서 그 가치를 잃고 말았다. 연못가에는 후대에 풍욕루(風浴樓)와 하환정(何換亭)을 지었고, 최근에 충효사(忠孝祠)를 지었다. 연못 주위에는 담장을 쌓고 일각문을 내어 영귀문(詠歸門)이라 하였다.
비교적 원래의 형태를 잘 간직하고 있는 조선 후기의 연못으로, 정원문화(庭園文化) 연구에 좋은 자료이기도 한 이 곳은 1984년 12월 24일 중요민속자료 제208호로 지정되었다."
국가유산,지방유형문화유산,전체,https://www.haman.go.kr/02284/02291/02320.web,
국가유산,지방유형문화유산,함안향교,https://www.haman.go.kr/02284/02291/02321.web,"지방민의 유학교육과 교화를 위하여 나라에서 지은 교육기관
함안군 함안면 봉성리 1319-2번지 내 위치한 함안항교는 훌륭한 유학자를 제사하고 지방민의 유학교육과 교화를 위하여 나라에서 지은 교육기관이다. 조선 효종(1649~1659) 때 세워진 것으로 그 뒤 한국전쟁 때 불탔으나 다시 지어 오늘에 이르고 있다.
건물은 출입문인 풍화루, 공부하는 곳인 명륜당과 동 · 서재(東 · 西齎), 사당(祠堂)인 대성전과 동·서무가 일렬로 서 있으며, 명륜당이 앞에 있고 대성전이 뒤에 있는 전형적인 전학후묘(前學後廟)의 형태를 이루고 있다. 특이한 것은 대성전 좌우에 동 · 서무가 나란히 서 있는데, 이것은 급경사지라는 지형의 제약 때문으로 보인다.
조선시대에는 국가로부터 토지와 전적 · 노비 등을 받아 학생들을 가르쳤으나 갑오개혁(1894)이후 제사만 지내고 있다. 현재 대성전에는 공자를 주벽으로 한 중국성현 7位를 봉안하였고 동무에는 설총을 비롯한 9位, 서무에는 최치원을 비롯한 9位 등 국내성현 18위를 봉안(奉安)하고 춘추(春秋)로 제(祭)를 지내고 있으며 1983년 8월 12일 유형문화재 제211호로 지정되었다"
국가유산,지방유형문화유산,함안내곡리청간정고문서,https://www.haman.go.kr/02284/02291/02322.web,"「함안 내곡리 청간정 고문서」 중 분재기는 내곡리 여주 이씨 종중에서 6대[1644~1772년까지 약 130년간]에 걸쳐 재산을 분배한 내용을 적은 문서이다. 이 가운데는 부모가 직접 자식에게 재산을 주었던 분급 문기(分給文記)가 4건이고, 부모의 사후 자식들이 합의하여 만든 화회 문기(和會文記)가 2건, 특별한 사유로 특정한 자손에게 재산을 분급했던 별급 분기가 3건이다.
입안은 국가나 관청에서 발급했던 공식 문건으로 청간정 소장의 2건 모두 예조에서 발급하였다. 이 가운데 1684년(숙종 10) 이동혁(李東赫)이 아우 이동길(李東吉)의 아들 이수연(李粹然)을 양자로 들이는 것을 인증한 것과 1877년(고종 14) 이경번(李景蕃)·이경무(李景茂) 형제의 효행을 기리기 위한 정려의 건립을 관에서 지원하도록 한다는 내용이다."
국가유산,지방유형문화유산,함안 장춘사석조석가여래삼존좌상,https://www.haman.go.kr/02284/02291/02323.web,"함안 장춘사 석조석가여래삼존좌상은 본존불인 석가여래와 문수, 보현보살의 협시보살로 구성된 석가삼존상으로 거의 1m에 달하는 규모에 보존상태도 매우 좋은 편이다. 다만 보관은 후보로 짐작되는데 전체적인 불상 형식과 조화롭지 못한 상태이다.
이 불상을 만든 조각승 도잠은 응혜와 승일 밑에서 작업을 하였으며, 발원문과 사적기를 중심으로 살펴볼 때 1620년을 전후하여 태어나 1650년부터 1660년대까지 보조화승으로 불상을 제작하였다. 그는 1670년대 용천사 불연의 제작이나 1688년 완주 대원사 목조지장보살삼존상과 시왕상 등을 수화승으로 제작한 것으로 보아 50대부터 불상이나 공예품 제작을 주도한 것으로 보인다. 즉 현재 남아 있는 도잠이 제작한 작품들은 불상과 불연 등이며 재료는 거의 나무로서, 불석제는 장춘사 불상이 유일하다."
국가유산,지방유형문화유산,함안 달전사천지양명수륙재의찬요,https://www.haman.go.kr/02284/02291/02324.web,"천지명양수륙재의찬요(天地冥陽水陸齋儀纂要)는 불가(佛家) 수륙재(水陸齋)의 의식(儀式) 요점을 찬집(纂輯)한 책이다.
본서(本書)는 1권 1책으로 '1568년(戊辰)'이라는 정확한 간행 기록(刊記)과 '경상도 상주의 보문사(普門寺)에서 간행하였다'는 것을 파악할 수 있으며, 인출(印出) 및 보관상태가 양호하다.
임란이전에 간행된 것으로서 수륙재를 연구하는데 중요한 자료가 되며, '임진왜란'과 '병자호란'이라는 조선 역사에서 전대미문(前代未聞)의 전쟁을 두 차례나 겪으면서, 피난을 가면서 수많은 사람들이 한강 등에 빠져 익사하였다든가, 전쟁의 현장 등에서 억울하게 죽어간 수많은 사람들의 고혼(孤魂)을 위로하는 수륙재(水陸齋)를 실제로 거행하면서 그 의식 절차를 진행하는데 아주 요긴(要緊)하게 활용되었다고 볼 수 있는 매우 중요한 전적이다."
국가유산,지방유형문화유산,함안 무진정,https://www.haman.go.kr/02284/02291/02325.web,"조삼선생 호를 따라 무진정이라 명명하였음
무진정은 조삼(趙參)선생께서 후진양성과 남은 여생을 보내시기 위하여 함안면 괴산리 지금의 자리에 직접 지으신 정자로서 자신의 호를 따라 무진정(無盡亭)이라 명명하였다.
무진 조삼선생은 1473년(성종 4년)에 태어나시어 성종 20년(1489) 진사시에 합격하고 중종 2년(1507) 문과에 급제하여 함양 · 창원 · 대구 · 성주 · 상주의 부사와 목사를 역임하시고, 내직으로 사헌부(司憲府) 집의(執義) 겸 춘추관(春秋館) 편수관(編修官)을 지냈다.
앞면 3칸 · 옆면 2칸의 건물로 지붕은 옆면이 여덟 팔자 모양과 비슷한 팔작지붕이다. 앞면의 가운데 칸에는 온돌방이 아닌 마루방으로 꾸며져 있고, 정자 바닥은 모두 바닥에서 띄워 올린 누마루 형식이다.
기둥 위에 아무런 장식이나 조각물이 없어 전체적으로 단순하고 소박한 건물로 조선 전기의 정자 형식을 잘 보여주고 있으며, 1976년 12월 20일 유형문화재 제158호로 지정되어 보호되고 있다"
국가유산,지방유형문화유산,함안주리사지사자석탑,https://www.haman.go.kr/02284/02291/02326.web,"수난의 역사를 가지고 있는 석탑
이 사자석탑은 명칭에서 밝히고 있는 바와 같이, 원래는 여항산의 옛 주리사리에 있었다.
일제 강점기에 함안면사무로소 이전하였다가, 8.15 해방 이후 다시 함성중학교 교정에 옮겨온 것으로, 적지 않는 수난의 역사를 가지고 있는 석탑이다. ('72. 2. 12. 도 문화재지정)
네 사자가 기단을 형성하고 있는 탑은, 그 대표적인 예로 전남 구례 화엄사의 4사자 삼층석탑을 비롯하여 전국을 망라해도 몇 곳에 불과하다.
수차에 걸쳐 설치 장소가 이전되면서, 기단부의 4사자와 2ㆍ3 층의 옥개석과 옥신석, 그리고 상륜부(相輪部)의 노반(露盤)만이 잔존하고 그 밖의 부재는 모두 망실되었다.
근자에 와서 정부지원으로 (社)경남고고학연구소의 조사와 설계 고증을 거쳐 결손부분을 보완하고 이 자리에 다시 세운 것이다.
지대석과 하대기단은 신조부품으로, 하대갑석 위의 4사자는 원래의 부품으로 상대기단 역을, 상대갑석과 1층의 옥신석ㆍ옥개석은 새로운 조각품이며, 2ㆍ3층의 옥신석ㆍ옥개석은 원래의 부재를 사요하고, 상륜부 역시 노반 1점만이 원래의 부품이며, 여타의 모두가 신 조각품으로 4사자 삼층석탑을 형성시킨 것이다.
기본적인 형태는 마치 화엄사의 4사자 삼층석탑과 유사한 작품으로 볼 수 있겠지만, 전체적인 표현기법으로 미루어 보아 조성연대가 그보다 후대의 것이 현저하며, 종합적인 자료 분석을 감안한다면 이 탑의 건립 시기는 고려 초기 일 것으로 추정된다. 복원된 찹의 전체 높이는 485cm 이다."
국가유산,지방유형문화유산,함안 어계고택,https://www.haman.go.kr/02284/02291/02327.web,"조선 전기 문신 어계조려선생이 태어난집
함안군 군북면 원북리 592번지 내 위치한 어계생가는 조선 전기의 문신 어계조려(漁溪趙旅)(1420~1489) 선생이 태어난 집이다. 조려 선생은 생육신의 한 사람으로 단종을 위해 벼슬을 버리고 영월에서 단종의 시신을 거두어 장례를 치룬 뒤 왕의 얼을 동학사에 모셨다. 그 후 어계선생은 이 곳에서 낚시로 여생을 보냈으며 지금은 후손들의 재실로 사용되고 있다.
대문채 · 재실 · 사당으로 구성되어 있는데 대문채는 3칸으로 가운데 문을 높여 세운 솟을대문을 두었고 양쪽은 방으로 만들었다. 재실은 앞면 4칸 · 옆면 2칸 규모로 지붕 옆면이 여덟 팔자 모양인 팔작지붕집이다.
一자형 평면으로 부엌 없이 가운데 2칸을 대청으로 하고, 양쪽은 툇마루를 둔 방을 1칸씩 만든 후 주변에는 담을 둘렸다. 사당은 3칸 一자형 평면에 지붕 옆면이 사람 인(人)자 모양과 비슷한 맞배지붕집이다. 비교적 장식이 섞인 모습을 보여주는 건물로 어계 선생과 부인에게 제를 올리는 곳이다. 대체로 건물의 구조 · 재료 · 형태들이 조선 후기 민가의 평범한 양식을 갖추어 간결하고 검소한 느낌을 주고 있으며, 1976년 12월 20일 유형문화재 제159호로 지정되어 있다."
국가유산,지방유형문화유산,함안 무산사,https://www.haman.go.kr/02284/02291/02328.web,"주세붕(1495~1544) 선생의 영정과 유품을 모신 무산사
함안군 칠서면 무릉리 544번지 내 위치한 무산사는 조선시대의 유명한 유학자인 주세붕(1495~1544) 선생의 영정과 유품을 모신 곳이다.
선생은 중종 38년(1543)에 백운동 서원을 세워 우리나라 서원의 시초를 이루었으며, 이를 기리기 위하여 숙종 24년(1698)에 선생의 후손이 세웠다.
고종(1863~1907) 때 흥선대원군에 의해 철폐되었다가 유림들이 다시 세웠으나 한국전쟁으로 불탔다. 현재의 무산서당은 그 후에 세운 것이다. 무산사 내에 있는 무산서당은 앞면 5칸 · 옆면 2칸의 1층 건물이다. 지붕은 옆모습이 여덟 팔(八)자 모양인 팔작지붕이다.
중앙 2칸의 대청을 사이에 두고 양 옆에 각각 2칸과 1칸의 방을 꾸며 전형적인 서당의 공간구성을 보여주고 있다.
광풍각(光風閣)에는 주세붕 선생의 영정이 모셔져 있고, 장판각(藏板閣)에는『무릉잡고(武陵雜稿)』·『수구집(守口集)』·『귀봉집(龜峰集)』책판 352매가 보관되어 있으며, 1976년 4월 15일 유형문화재 제143호로 지정되어 보호하고 있다."
국가유산,지방유형문화유산,함안 장춘사 석조여래좌상,https://www.haman.go.kr/02284/02291/02329.web,"함안군 칠북면 영동리 14번지 내 위치한 장춘사 석조여래좌상
함안군 칠북면 영동리 14번지 내 위치한 장춘사 석조여래좌상은 왼손에 약그릇을 들고, 오른쪽은 손가락 끝이 땅을 향하게 하고 있는 전형적인 석조약사불상으로 현재는 도금 처리하였다.
머리에는 작은 소라 모양의 머리칼을 붙여 놓았으며, 그 위로 상투 모양의 머리묶음이 뚜렷하다. 엷은 미소를 띠고 있는 타원형의 얼굴은 이목구비가 선명하여 박력있는 모습이다.
옷은 왼쪽 어깨와 팔을 감싸 흐르고 있는데, 옷주름이 형식적으로 처리되어 양감이 충분히 나타나지 않는다. 손 · 무릎 등의 표현도 투박하여 양감이 떨어지는 모습이다.
물방울 모양의 광배(光背)는 원형의 머리광배와 타원형의 몸광배가 조화를 이루고 있는데, 머리광배에는 도식화된 연꽃 무늬가 새겨져 있고, 가장자리는 불꽃무늬로 둘러싸여 있다.
이 불상은 통일신라시대보다 진전된 새로운 수법으로 보이는 것으로 보아 통일신라 후기 내지는 고려초기에 만들어진 것으로 보인다. 이러한 역사적가치를 인정받아 1972년 2월 12일 유형문화재 제7호로 지정하여 보호하고 있다."
국가유산,지방유형문화유산,이휴복 진무공신 교서,https://www.haman.go.kr/02284/02291/02330.web,"「이휴복 진무공신 교서(李休復 振武功臣 教書)」는 인조 3년(1625)에 이괄의 난을 평정하는데 공을 세운 이휴복(李休復, 1568-1624)에게 진무공신 3등에 해당하는 급여를 내려준 공신교서이다. 크기는 가로 198㎝, 세로 38㎝의 두루마리로 되어있다.
문서에는 공신이 된 이유와 왕이 내려준 토지, 노비의 수 등이 기록되어 있다. 가장 왼쪽에는 '천계 5년(天啓五年)'(1625)이라는 명문과 함께 왕의 도장이 찍혀 있다. 조선 후기의 공신록으로 정치사와 경제사 연구에 좋은 자료이다.
공신 이휴복은 임진왜란 때 곽재우와 함께 의병을 일으켰고, 1606년(선조 39)에 무과에 급제하여 순천군수 등의 벼슬을 지냈다. 현재 문서는 함안 박물관에서 보관하고 있다."
국가유산,지방유형문화유산,함안 장춘사오층석탑,https://www.haman.go.kr/02284/02291/02331.web,"함안군 칠북면 영동리14번지 장춘사 내 위치한 오층석탑
함안군 칠북면 영동리14번지 장춘사 내 위치한 이 탑은 장춘사 대웅전 앞에 4층으로 복원되어 있으나 원래는 5층이었을 것으로 여겨지며 탑 또한 다른 곳에 옮겨와서 세웠다고 하나 원탑지는 알 수 없다.
원상은 2중 기단위에 조성된 5층 탑이었을 것으로 추정되고 있지만 기단부와 탑신부는 다소 이질적인 느낌이다. 기단부는 하층기단의 일부가 매몰되었으며 별석으로 구성된 하대갑석의 뒷면에는 2단의 중석받침 위에 상층기단(상대중석)이 올려져 있는 형식인데 상대갑석에는 부연과 옥신받침이 없다.
역사적 추증과 연대를 알 수 없는 5층석탑은 계속적인 연구가 이루어질 수 있도록 1974년 2월 16일 유형문화재 제68호로 지정되어 현재까지 보호되고 있다."
국가유산,지방유형문화유산,주세붕영정,https://www.haman.go.kr/02284/02291/02332.web,"무산사 내 보관되고 있는 주세붕 영정
함안군 칠서면 무릉리 544번지 무산사 내 보관되고 있는 주세붕 영정은 가로 1m, 세로 1.5m이다.
주세붕 선생(연산군 1년~명종 9년)은 중종 43년(1543) 풍기군수 재임 중 소수서원을 세워 우리나라 서원의 창설자로 유명한데 이 영정은 생존시 그린 것으로 추정되어 1976년 4월 15일 유형문화재 제142호로 지정되어 보관되고 있다"
국가유산,지방유형문화유산,무릉잡고책판및수구집귀봉집책판,https://www.haman.go.kr/02284/02291/02333.web,"1979년 12월 29일 유형문화재 제173호로 지정된 무릉잡고 책판
함안군 칠서면 무릉리 544번지 무산사 내 보관되고 있는 이 문집들은 주세붕선생과 그 아들 주박, 손자 주맹헌의 시문용을 목판에 판각한 것으로 장판각 내에 352매가 보관되어 있으며, 1979년 12월 29일 유형문화재 제173호로 지정되었다.
무릉잡고 책판
이 책판은 주세붕선생의 시문을 모은 것이다. 무릉잡고는 선생의 초고를 아들 주박이 모아서 퇴계선생의 교정과 편집을 거쳐 명종 19년(1564) 영덕에서 7권으로 초간하였다. 그 후 초간시 빠진 것을 모아 선조14년(1581)에 8권으로 중간하고 다시 후손 상현, 병항 등이 중간본과 전사본을 바탕으로 재편하여 철종 10년(1851)에 덕연서원에서 삼간하였다. 3차 간행시 미간된 죽계지 3권, 연보 비명을 합한 1책을 융희 2년(1908)에 시재, 시범 등이 간행한 것이 사간으로 비로소 선생의 사후 354년만에 완간되니 원집 8권, 별집 8권, 부록 4권의 총 20권 11책이다.
1979년 12월 29일 유형문화재 제173호로 지정된 수구집 책판
이 책판은 주세붕의 손자인 주맹헌의 시문집을 판각한 책판으로 총 4권 2책이다. 이 문집은 귀봉집과 함께 간행되었다.
1979년 12월 29일 유형문화재 제173호로 지정된 귀봉집 책판
이 책판은 주세붕의 아들 주박의 시문을 모아 판각한 책판으로 총 2권 1책 이다. 1908년 무릉잡고의 부록을 간행할 때 함께 간행되었다."
국가유산,지방유형문화유산,근재집책판,https://www.haman.go.kr/02284/02291/02334.web,"고려 후기의 문신인 안축(1287~1448)의 문집을 판각한 근재집
함안군 가야읍 신음리 15번지에 소장되고 있는 이 책판은 조선 영조 16년(1740)에 고려 후기의 문신인 안축(1287~1448)의 문집을 판각한 근재집이다.
안축의 자는 당지, 호는 근재, 본관은 순흥이다. 문과에 급제하여 전주사록, 단양 부주부를 지내고 충혜왕이 복위하자 전법판서로 등용되었으며 이어서 상주목사 지밀직사사, 감춘추관사 등을 지냈다.
또한 충렬, 충선, 충숙, 삼조의 실록편찬에 참여하였으며 경기체가인 관동별곡, 죽계별곡을 남겨 문명이 높았다.흥녕군에 봉해졌으며 시호는 문정이다. 근재집에는 그가 강릉도(지금의 강원도)에 있을 때 쓴 관동와주지와 시문 등이 수록되어 있다.
가로 34cm 세로 20cm인 이 책판은 총 90매가 취우정에 보관되어 있으며 1979년 12월 29일 유형문화재 제174호로 지정되었다."
국가유산,지방유형문화유산,간송문집 및 금라전신록책판,https://www.haman.go.kr/02284/02291/02335.web,"함안군 대산면 장암리 합강정에 소장되어 있는 문화재
이 책판은 간송 조임도(1585~1664)의 시문집과 아울러 함안출신 인물들의 전기와 문장을 간행하기 위해 제작한 것이다. 1744(영조 20)과 1813년(순조 13)에 각각 판각되어, 책판의 크기는 가로 44.5cm, 세로21.5cm로 총 190매가 합강정에 보관되어오다가, 2009년 4월부터 함안박물관에 보관되어 있다.
「간송집」은 본집 5권, 별집 2권, 합 7권 4책으로 이광정의 편집을 거쳐 그의 현손 홍엽이 간행하였다. 권두에 이광정의 서문과 세계도ㆍ연보가 있고 선생의 시, 상소, 편지 등 다양한 글이 실려 있으며, 특히 유학과 관련된 글이 많아 17세기 조선 유학사 연구에 좋은 자료로 규장각 도서와 고려대학교 도서관 등에 보관되어 있다.
「금라전신록」은 1639년(인조 17)에 조임도가 함안지방에서 배출된 인물의 전기 및 특이한 문장을 가려서 저술한, 일종의 향토인물 문학사전이다. 이 책은 함안지방을 이해하는 데 귀한 자료가 된다. 금라는 함안의 옛 이름이다.
조임도는 생육신의 한사람인 조려(1420~1489)의 5대손으로, 학문이 뛰어고 효심이 지극하여 세간에서 백효라고 일컬었다고 한다. 인조반정 직후 공조좌랑을 역임하였으나, 곧 벼슬을 버리고 고향으로 내려와 산수를 벗 삼고, 학문하기를 즐겼으며 후진 양성에 힘썼다."
국가유산,지방유형문화유산,국담문집책판,https://www.haman.go.kr/02284/02291/02336.web,"1848년 현종 때 주재성선생의 후손들이 선생이 남기신 글을 모아 담원집 2권과 부록 2권을 목재에 양면판각한 것으로 총 56매로서 가로 21.5cm, 세로 34.1cm이다.
함안군 칠원읍 무기리 966번지 내 소장되고 있는 국담문집은 1848년 현종 때 주재성선생의 후손들이 선생이 남기신 글을 모아 담원집 2권과 부록 2권을 목재에 양면판각한 것으로 총 56매로서 가로 21.5cm, 세로 34.1cm이다.
내용은 원집의 시·서 논문 등을 판각하였고 부록의 창의사적에 관한 문헌과 가문의 의례 지침인 거가요범과 경학, 시전, 서전, 주역을 해설한 경의집록과 중용의 요지를 풀이한 용학강의 등이 판각되어 보존관리 되고 있으며, 1985년 1월 14일 유형문화재 제 242호로 지정되었다."
국가유산,지방유형문화유산,회찬송악악무목왕정충록,https://www.haman.go.kr/02284/02291/02337.web,"서적의 재간과정과 판화의 예술 수준을 알 수 있는 학술적 자료
정충록(精忠錄)은 중국 송나라의 충신 악비의 행정을 그림으로 그려 충성심을 고취시키기 위하여 만든 것으로써 조선 선조 17년(1584년)에 우리나라에 도입되어 교서관에서 간행한 바 있으나, 임진왜란중 유실되어 숙종 35년(1709년)에 어서(御書)를 붙여 간행하였으며, 이후 영조45년(1769년)에 조익도의 집에 있던 것을 재간하였다.
서적의 재간과정과 판화의 예술 수준을 알 수 있는 학술적 자료이다."
국가유산,지방유형문화유산,조익도공신록권및교지,https://www.haman.go.kr/02284/02291/02338.web,"조익도의 자는 여행(汝行)이고, 호는 도곡(道谷)
이 공신록권은 1613년(광해군 5년) 대북파가 소북파의 세력을 없애려고 김직재 등을 모반혐의로 처형시킨 공으로 광해군 6년(1614) 조익도에게 내린 형난원종공신록권(亨難原從功臣錄券)과, 인조 2년(1624)에 이괄이 주동이 되어 일으킨 반란을 평정한 공으로 인조 3년(1625)에 내린 진무원정공신록권(振武原從功臣錄券)이다.
조익도의 자는 여행(汝行)이고, 호는 도곡(道谷)이며 영조때 신간정충록(新刊精忠錄)을 하사받고 병조참의로 증직되었다."
국가유산,지방기념물,전체,https://www.haman.go.kr/02284/02290/02309.web,
국가유산,지방기념물,함안고려동유적지,https://www.haman.go.kr/02284/02290/02310.web,"고려에 대한 충절을 지킨 고려 후기 성균관 진사 이오선생이 거처를 정한 곳
함안군 산인면 모곡리 580번지 내 위치한 고려동유적지는 고려 후기 성균관 진사 이오(李午)선생이 고려가 망하고 조선왕조가 들어서자 고려에 대한 충절을 지키기로 결심하고 이곳에 거처를 정한 이후 대대로 그 후손들이 살아온 곳이다.
이오는 이 곳에 담장을 쌓고 고려 유민의 거주지임을 뜻하는 '고려동학'이라는 비석을 세워 논과 밭을 일구어 자급자족을 하였다. 그는 아들에게도 조선왕조에 벼슬하지 말 것과 자기는 죽은 뒤라도 자신의 신주(神主)를 이 곳을 떠나 다른 곳으로 옮기지 말도록 유언하였다. 그의 유언을 받든 후손들은 19대 600여 년에 이르는 동안 이 곳을 떠나지 않았고, 이에 고려동(高麗洞)이라는 이름으로 오늘까지 이어 오고 있다.
현재 마을 안에는 고려동학비, 고려동담장, 고려종택, 고려전답, 자미단(紫薇壇), 고려전답 99,000㎡, 자미정(紫薇亭), 율간정(栗澗亭), 복정(鰒亭)등이 있다. 후손들이 선조의 유산을 소중히 가꾸면서 벼슬길에 나아가기 보다는 자녀의 교육에 전념함으로써 학덕과 절의로 이름있는 인물들을 많이 배출한 이 곳을 1983년 8월 2일 기념물 제56호로 지정하여 보호하고 있다."
국가유산,지방기념물,함안 조려모,https://www.haman.go.kr/02284/02290/02311.web,"조려 그리고 증손자 조정화 부부의 순으로 묘가 조성되어 있다.
조려의 본관은 함안(咸安). 자는 주옹(主翁), 호는 어계(漁溪)이다.그는 34세 되던 해에 진사시(進士試)에 급제하여 태학(太學-지금의 성균관)에서 학문 등에 더욱 주력하던 중 단종 1년에 일어난 계유정란에 격분하여 스스로 귀향하여 홀로 학문증진에 노력하였으며 단종이 유배지에서 사사 당하자 위험을 무릅쓰고 찾아가 시신을 수렴하였다고 전한다.1489년(성종 20년) 별세하였으며 1698년(숙종 24년) 생육신에 추봉되었다.묘역은 경상남도 함안군 법수면 강주리에 야트막한 둔덕에 위치하고 있으며 위로부터 조려의 정부인인 흥양이씨, 조려 그리고 증손자 조정화 부부의 순으로 묘가 조성되어 있다."
국가유산,지방기념물,함안성점산성,https://www.haman.go.kr/02284/02290/02312.web,"성의 둘레가 약 1.7㎞에 달하는 대규모 포곡식 산성
함안군 함안면 북촌리 산75번지내에 위치한 성점산성의 전체적인 형태는 부정형으로 남서쪽과 북서쪽의 9부 능선에 축조되어 있고 북동쪽은 5부 능선에, 남동쪽은 5~6부 능선에 축조되어 있으며 성의 둘레가 약 1.7㎞에 달하는 대규모 포곡식 산성이다. 남서쪽의 성벽은 내탁방식으로 축조되어 있으며 외벽의 높이가 4~6m 정도, 경사는 약80˚내외이며 성벽의 폭이 4~5m에 이른다.
남쪽과 북쪽성벽에는 기저부에 돌을 쌓은 흔적이 뚜렷하며 자연암벽을 최대한 활용한 곳도 확인되었다. 북동쪽 성벽은 3차 조사시 확인된 곳이며 외곽도 흔적이 완연하고 동쪽으로 경사를 이루면서 석축이 견고하게 쌓여진 형태를 보존하고 있다.
현재 이 성의 축조연대를 가늠할 만한 기록이나 유물의 채집은 충분히 이루어지지 않은 상태이다. 다만 성의 축조방식이 성산산성 · 문암산성 등과 같으며, 성안에서 채집되는 일부 토기와 기와편 등으로 미루어 보아 이 성은 통일신라시대(8세기경)까지는 거슬러 올라갈 수 있을 것으로 추정되며, 학술적 가치가 높은 것으로 인정되어 1997년 12월 31일 기념물 제180호로 지정하였다"
국가유산,지방기념물,함안파산봉수대,https://www.haman.go.kr/02284/02290/02313.web,"봉화산 정상부에 위치한 파산봉수대
함안군 여항면 주동리, 내곡리 일원에 위치한 함안 파산봉수대는 함안의 진산인 여항산 동편에 마주한 파산, 일명 봉화산(해발 675.5M) 정상부에 위치해 있다.
조선 전기에 축조되어 후기까지 경상도 방면의 직봉(直烽) 2路 중 간봉(間烽) 2路로서 기능을 수행하였으며 진해의 가을포봉수를 받아 의령의 가막산봉수에 연결되었다.
함주지 의하면 연대(然臺) 1, 연굴(然窟) 5, 화덕(火德) 1, 망덕(望德) 1개의 봉수시설(烽燧施設)이 있었다고 기록하고 있으나 현재 연대1, 건물지 2개소만 확인되고 있으며, 1999년 8월 6일 기념물 제220호로 지정되었다"
국가유산,지방기념물,함안문암산성,https://www.haman.go.kr/02284/02290/02314.web,"함안군 산인면 모곡리 산 111번지 내 위치한 문암산성
함안군 산인면 모곡리 산 111번지 내 위치한 문암산성은 해발 197m의 지구산의 지봉인 장원봉과 북서쪽으로 연이어진 해발 167m의 산정에 각각 있는데 이를 편의상 문암 큰 성과 문암 작은성으로 부른다. 먼저 주성으로 보이는 큰성은 장원봉의 8부 능선상에서 거의 둥근모양의 타원형으로 돌아가며 성벽은 내탁식의 석축으로 이루어져 있다. 전체 둘레는 1,100m이고 동남쪽의 일부를 제외하고는 모두 양호한 상태로 남아있다.
작은성의 규모는 대략 길이가 330m 정도로 동쪽성벽이 25m, 서쪽 성벽이 15m, 남쪽 성벽이 140m, 북쪽 성벽이 150m 정도이다. 전체적으로 보아 성의 윤곽은 인정되나 성벽 주변이 경작에 의해 대부분이 훼손된 상태이다.
이러한 문암산성은 문헌기록이 없어서 연대를 추정하기는 곤란하지만 기록이 없다는 것은 오래전 기능을 상실하여 잊혀졌음을 의미한다.
다만 성벽의 축조상태와 성안에서 채집되고 있는 토기유물 등으로 미루어 보아 삼국시대까지 올라갈 수 있을 것으로 추정되며, 1997년 12월 31일 기념물 제182호로 지정되었다."
국가유산,지방기념물,함안포덕산성,https://www.haman.go.kr/02284/02290/02315.web,"포덕산성을 1997년 12월 31일 기념물 제181호로 지정
함안군 산인면 신산리 산44-1번지 내 위치한 포덕산성의 지세는 남쪽은 높고 북쪽이 낮으며 쌓여진 산성도 동쪽보다 서쪽이 높은 8~9부 능선위에 설치된 테뫼식 산성으로 남북(210m)이 길고, 동서(46m)가 짧다. 성의 둘레 480m 가운데 동서벽 190m, 서성벽 180m, 남성벽50m, 북성벽 60m, 성폭 5m, 외벽높이 5∼6m 안팎으로 전체적인 윤곽도 뚜렷하다.
얼핏보아 남동벽, 북성벽을 토성으로 착각하기 쉬우나 군데군데 남아있는 기저부와 중 · 상부까지 석성 흔적과 흩어져 있는 석성 등으로 미루어 완전한 토성이 아님을 짐작게 한다.
포덕산성을 조선시대 산성으로 기술하고 있으나 조선시대 산성이 아닌 것이 분명한 것은 산성의 축성기법이나 가야시대 토기편이 성내외에서 수습되는 것으로 보아 삼국시대 내지는 가야시대의 성으로도 볼 수 있기 때문이다.
이런 포덕산성을 1997년 12월 31일 기념물 제181호로 지정하여 현재까지 보호하고 있다."
국가유산,지방기념물,함안외암리공룡발자국화석,https://www.haman.go.kr/02284/02290/02316.web,"함안군 여항면 외암리 산 80번지 내 위치한 함안 외암리 공룡발자국화석
함안군 여항면 외암리 산 80번지 내 위치하며 공룡은 중생대의 쥐라기로부터 백악기에 걸쳐 번성했던 길이 5~25m의 거대한 파충류를 통틀어 말한다. 함안 외암리의 공룡발자국화석은 외암리 양촌 뒷산 꼭대기에서 심심밭골 아랫쪽에 있는 바위섬(용바위)에 있다.
화석은 용바위에서 동남쪽 180m정도 떨어진 산중턱에서 함안룡 뒷발자국 1개, 개울바닥에서 이구아나용 발자국 4개, 저수지 북쪽 수문에서 이구아나용 발자국 9개, 아침골 입구에서 갑룡 앞발자국 1개와 그 뒷발자국 3개, 그리고 동쪽 개울바닥에서 이구아나용 발자국 4개가 발견되었다. 지금으로부터 약 8천만년 전에 만들어 진 것으로 보인다.
키가 약10m이고 몸길이가 25m이며 몸무게는 30톤 정도인 초식공룡으로서 네 발로 기어다녔을 것으로 생각된다. 함안룡 발자국의 특징은 앞발자국이 뒷발자국의 바로 뒤에 찍혀 있다는 것으로, 이는 뒷발이 앞발 위치까지 도달하는데 1걸음으로는 불가능하고 2걸음을 걸어야 하는 함안룡의 특수한 걸음걸이를 확실하게 보여주는 것이다. 또한 앞발자국에는 뚜렷한 발목뼈 자국만 선명하므로 이 공룡의 앞다리에는 발이 없었음을 증명하고 있다.
함안 외암리의 공룡발자국화석은 함안룡의 특수한 걸음걸이를 보여주는 세계적으로 매우 귀중한 발자국화석으로 1983년 12월 20일 기념물 제68호로 지정되었다."
국가유산,지방기념물,함안군북지석묘군,https://www.haman.go.kr/02284/02290/02317.web,"지석묘는 청동기시대의 대표적인 무덤으로 고인돌이라고도 부름
함안군 군북면 동촌리 656-4외 21번지 내 위치한 지석묘는 청동기시대의 대표적인 무덤으로 고인돌이라고도 부르며, 주로 경제력이 있거나 정치권력을 가진 지배층의 무덤으로 알려져 있다.
우리나라의 고인돌은 4개의 받침돌을 세워 돌방을 만들고 그 위에 거대하고 평평한 덮개돌을 올려 놓은 탁자식과, 땅 속에 돌방을 만들고 작은 받침돌을 세운 뒤 그 위에 덮개돌을 올린 바둑판식으로 구분된다.
함안군 군북면 지역에는 동촌리 27기, 덕대리 5기 등 많은 수의 고인돌이 무리지어 있다. 동촌리의 고인돌 중 현재 원위치에 있는 것은 16기, 이전된 것이 10기, 매몰된 것이 1기로 대체로 보존 상태가 양호한 편이다.
이 중 26호 고인돌의 덮개돌에는 모두 398개의 알구멍<성혈(性穴)>이 있는데, 이들은 서로 연결해 보면 마치 별자리를 나타낸 듯한 느낌을 준다. 알구멍을 만든 이유는 확실하게는 알 수 없으나 풍년을 빌거나 자식낳기를 기원하는 의미에서 만든 것으로 보인다.
덕대리에서는 모두 5기의 고인돌이 발견되었는데 4호 고인돌 주변은 과거 고령토를 채취했던 곳으로 유명하다. 이 곳에서는 당시의 간돌칼, 붉은 토기 등 다수의 유물이 출토되어 그 가치를 인정하여 1997년 12월 31일 기념물 제183호로 지정되었다."
국가유산,지방기념물,함안 주세붕묘역,https://www.haman.go.kr/02284/02290/02318.web,"중종때 처음 서원을 창설한 주세붕(1495∼1554년)의 묘
함안군 칠서면 계내리 576번지 내 위치한 이 곳은 조선 중기 대학자이며 문신으로 중종때 처음 서원을 창설한 주세붕(1495∼1554년)의 묘가 있는 곳이다.
선생의 자는 경유(景游), 호는 신재(愼齋)로서 어려서부터 효성이 지극하였으며 학문에 독실하였다. 중종17년(1522)에 문과에 급제한 후 승문원 정자, 강원도 도사, 곤양군수, 교리등을 역임하였다.
중종 36년(1541)에 풍기군수에 부임하여 학교를 세우는데 힘쓰던 중 중종 37년(1542) 백운동에 고려말의 학자 안향의 사당을 세웠다. 이어 다음해 백운동서원(白雲洞書院)(뒤의 소수서원(紹修書院))을 창설하였다.
그후 직제학, 도승지, 대사성을 거쳐 명종 6년(1551)에는 황해도 관찰사가 되었으며 해주에 수양서원(首陽書院)을 창설하여 최충(崔沖)을 배향하였다. 사후 예조판서에 추증되었으며, 시호는 문민(文敏)이다. 묘역에는 신재의 묘 외에 부친 문보와 큰조카 조의 분묘가 있으며, 1976년 4월 15일 기념물 제33호로 지정되었다."
국가유산,지방기념물,함안 조안묘역,https://www.haman.go.kr/02284/02290/02319.web,"조선 단종때의 생육신 중 한 사람인 어계 조려선생의 부친인 조안의 묘
함안군 군북면 하림리 산 87번지 내 위치한 이 묘역에는 조선 단종 때의 생육신 중 한 사람인 어계 조려선생의 부친인 조안의 묘를 비롯하여 장자 동호와 장손자인 순 및 손자인 건, 장증손자 정견 등 4대에 걸쳐 5부부의 묘가 있다.
이 묘역은 조선조 초기에서 중기에 이르는 사대부의 가족묘제를 연구하는데 중요한 학술적인 가치가 있을 뿐 아니라 당시의 묘지 배치 연구에 중요한 자료로 인정되어 1977년 6월 21일 기념물 제34호로 지정되어 보호되고 있다."
국가유산,지방무형유산,전체,https://www.haman.go.kr/02284/02292/02339.web,
국가유산,지방무형유산,함안화천농악,https://www.haman.go.kr/02284/02292/02340.web,"풍년과 안녕태평을 기원하는 순수하고 토속성이 강한 경남형 농악
함안군 칠북면에 전수되어 내려오는 화천농악의 특징은 한 마을의 남녀가 서낭신을 중심으로 풍년과 안녕태평을 기원하는 순수하고 토속성이 강한 경남형 농악이다.
그 역사는 알길이 없으나 마을의 역사가 500년 이상이고 대대로 농사에 종사하는 순수한 농촌공동체인데 다가 두레의 성격이 남아 있음을 보면 옛부터 전래된 것으로 추정된다.
1995년 칠북면 화천리 175번지 상에 화천농악전수관(지하 1, 지상 1층 264㎡)을 건립하여 자체연습은 물론 외지의 대학생들이 많이 찾고 있다.
더구나 농악놀이에 앞서 서낭당에 고유하고 시작하는 제의성이라 든가 정초의 지신밟기를 비롯하여 단오, 백중 그리고 9월 그믐의 상황제, 섣달보름의 농악놀이가 모두 성황목을 중심으로 연중 계획됨을 보면, 농민으로서 풍작과 소원성취를 주요행사로 이어져 온 것이라 생각된다. 이러한 함안 화천농악은 지역의 대표적 농악으로 발전되어 1991년 12월 23일 무형문화재로 인정받아 인근 지역에서도 그 유명세를 더해가고 있다"
국가유산,지방무형유산,함안농요,https://www.haman.go.kr/02284/02292/02341.web,"함안군 지역의 유구한 농경문화와 농사 일소리를 잘 담아낸 농요
“함안농요”는 함안군 지역의 유구한 농경문화와 봄, 여름, 가을 , 겨울 농사 일소리를 하나의 틀로써 구성한 작품으로 1980~90년대까지 지역 행사 프로그램의 일부분으로 일시적, 단편적으로 작품화되었던 부분들을 재검토하면서 작품을 구상하기 시작하여 “함안의 구전민요”와 함안지역 일소리 관련 서적 자료들의 취합하여 매년 정기발표회를 개최하고 있다.
함안농요는 사시사철 농작의 과정이 매우 세밀히 묘사되었으며, 기존의 농요들과 달리 빠른 작품 전개로 박진감이 넘치는 뛰어난 연출이 돋보인다."
국가유산,지방무형유산,함안낙화놀이,https://www.haman.go.kr/02284/02292/02342.web,"함안 낙화놀이는 함안면 괴항마을에 전승되어온 고유의 놀이
함안 낙화놀이는 함안면 괴항마을에 전승되어온 고유의 놀이로 매년 4월 초파일 마을 입구 이수정에서 개최되어 왔으며, 그 유래는 정확히 전하여지지는 않지만 문헌과 조사를 통해 본 결과 17세기 조선중옆부터 유래된 것으로 추정되고 있다. 현재는 2000년대에 들어서부터 함안면민을 중심으로 한 “함안 낙화놀이보존회”가 결성되어 지금까지 전승되고 있다. 낙화놀이의 형태는 마을 자체에서 제작한 숯가루를 한지에 돌돌말아 낙화를 만들어, 이수정에 준비한 줄에 낙화를 걸어 불을 붙임으로써 숯가루가 불을 머금고 타면서 바람에 날리는 장관을 연출하는 함안군의 대표적 축제이며 놀이이다."
국가유산,지방민속문화유산,전체,https://www.haman.go.kr/02284/02293/02343.web,
국가유산,지방민속문화유산,함안무기리주씨고가,https://www.haman.go.kr/02284/02293/02344.web,"함안군 칠원읍 무기리 966번지 내 위치한 주씨고가
함안군 칠원읍 무기리 966번지 내 위치한 주씨고가(周氏古家)는 1700년대에 건립된 국담(菊潭) 주재성(周宰成) 이래의 종택으로, 종택의 정문, 서실인 감은재(感恩齋), 영빈사(迎賓舍), 중문, 안채, 사당인 부조묘가 있고, 동쪽에 중요민속자료 제208호로 지정된 하환정(何換亭), 풍욕루(風浴樓), 국담(菊潭)이 있다.
국담 주재성은 영조 4년(1728) 이인좌의 난을 평정하여 그 공으로 기제사를 영구히 받들라는 왕명에 따라 부조묘에 봉안되었다.
국담의 장남 주도복(周道復)의 서실인 감은재에는 문집책판이 보관되어 있고, 대청 북쪽벽에 영정을 모셨던 영정각(影幀閣)이 남아 있다. 안채와 영빈사는 1984년에 해체 복원하여 대부분의 부재(部材)가 신재(新材)로 바뀌었다.
정문인 정문은 국담의 충신정려(忠臣旌閭)와 아들 감은재의 효자정려(孝子旌閭)를 위한 것으로 충효쌍정려문(忠孝雙旌閭門)이라고 한다. 이러한 가치를 인정받아 1985년 1월 14일 민속자료 제10호로 지정하였다."
국가유산,지방문화유산자료,전체,https://www.haman.go.kr/02284/02294/02345.web,
국가유산,지방문화유산자료,함안 덕연서원,https://www.haman.go.kr/02284/02294/02346.web,"함안군 칠원면 용정리 966-1번지 내 위치한 덕연서원
함안군 칠원읍 용정리 966-1번지 내 위치한 덕연서원은, 조선 선조 24년(1591)에 신재 주세붕 선생의 업적을 추모하기 위하여 사림에서 뜻을 모아 동림서원(桐林書院)을 창건하였으며 선조 25년에 임진왜란으로 회진되었고 현종 원년(1660)에 칠원현 남고(南皐)에 중건(重建)하여 남고서원(南皐書院)이라 불렀다.
그 후 숙종2년(1676) 4월에 왕으로부터 덕연서원(德淵書院)이란 현판을 사액(賜額)받았다. 고종 5년(1868)에 대원군의 서원철폐령에 의하여 훼철되었고 1911년에 다시 덕연서당을 세웠으며 1964년에 중건 복원하여 향례를 봉행하고 있다. 정면 5칸, 측면 2칸의 3량구조 팔작지붕인 강당은 가운데 3칸을 대청, 양측 1칸을 방으로 하였으며 전면에 퇴간(退間)이 없다.
강당 후면 높은 지대에 정면 3칸, 측면 2칸의 맞배지붕인 존덕사(尊德祠)에는 문민공 신재 주세붕선생을 모시고 그 우측의 덕연별사에는 삼칠선현(三漆先賢) 다섯분을 봉안하여 제향하고 있으며, 1983년 7월 20일 문화재자료 제67호로 지정하여 보호하고 있다."
국가유산,지방문화유산자료,함안백암사석조여래좌상,https://www.haman.go.kr/02284/02294/02347.web,"백암사 석조여래좌상은 정확한 제작년도는 알려지지 않으나, 대좌에 표현된 문양과 연잎의 표현방식과 특징을 살펴볼 때 통일 신라시대인 9세기에 제작된 것으로 추정하고 있다. 최근까지 표면에 금으로 도금되어 있어, 2011년 표면의 도금을 제거하여 원래의 모습이 재현되어 있다. 이러한 전승에 대한 의미와 제작연대의 중요성으로 미루어 그 가치가 인정되어 2011.4.28일 경상남도 문화재자료 제529호로 지정되었다."
국가유산,지방문화유산자료,함안 충순당,https://www.haman.go.kr/02284/02294/02348.web,"충순당은 선조25년(1592년) 임진왜란 당시 평민을 주축으로 한 의병을 이끌고 직접 진두지휘하며 전사하신 이령(1541~1592년)을 기리기 위하여 그의 후손들이 건립한 건조물로서 충의사상을 내재하고 있는 상징적 유적이다.
다만, 충순당의 건립연대가 다소 오래되지 않았으나, 일제강점기 이후 나타나는 우리나라 근대 한옥의 이형적인 특진을 잘 보여주고 있고, 인근 동산정과 함께 이 지역 지방건축의 특징을 살펴볼 수 있는 것이 인정되어 2011. 4. 28일 경상남도 문화재자료 제530호로 지정되었다."
국가유산,지방문화유산자료,함안충순당정려각,https://www.haman.go.kr/02284/02294/02349.web,"정려각은 이령(1541~1592년)의 업적을 인정한 영남 사림에서 나라에 지속적으로 제청하여 1869년 고종 6년에 건립되었다.
조선시대 건립된 여느 정려각의 형식에서 크게 벗어나지 않으나, 초창 당시의 모습 그대로 현재까지 이어지고 있음은 물론 이 지역의 정려건축 특징을 살펴볼 수 있는 학술적 가치가 인정되어 2011. 4. 28일 경상남도 문화재자료 제531호로 지정되었다."
국가유산,지방문화유산자료,함안명관리공룡발자국,https://www.haman.go.kr/02284/02294/02350.web,"함안 명관리 공룡발자국 화석은 명관리 소재 백이산의 서북편 계곡에 위치한 화석으로 중생대 백악기 공룡 발자국으로 추정하고 있다. 일정 지역 내 암석의 지표면 3군데에 나타나고 있는 공룡발자국 화석은 지표면의 노출과 기계적 풍화작용으로 표면이 매우 거칠어 있으나, 규칙적 배열과 일정한 크기와 형태 등으로 공룡의 발자국임을 짐작할 수 있다.
공룡발자국 화석이 분포하고 있는 이 지역은 9천만년 전 낮은 호수 주변의 부드러운 토사면 지역으로 이 곳을 공룡들이 지나가면서 발자국의 흔적을 남겼으며, 그 후 압력과 열 등으로 암석으로 굳어지고 다시 융기하는 동안 침식을 받아 현재 지표면에 노출된 것으로 추정하고 있다.
전체 발자국의 규모는 100여개가 넘게 분포하고 있으며 2족보행과 4족보행의 배열이 고르게 나타나고 있으며, 육식 공룡인 수각류의 발자국은 확인할 수 없었으며 모두 2족 보행의 조각류 공룡4마리와 4족 보행의 용각류 공룡 3마리의 발자국이 찍혀있어 학술적인 가치가 인정되며, 2012년 2월 16일 경상남도 문화재자료 제545호로 지정되었다."
국가유산,지방문화유산자료,함안청계서당,https://www.haman.go.kr/02284/02294/02351.web,"함안군 칠서면 청계1길 116-12번지에 소재하는 청계서당은 1670년(현종 11년)에 창건한 것으로 전하나, 이후 1918년에 다시 복원하여 현재에 이르고 있다. 이로 인해 서당의 강당구조 및 창호 등에서 근대한옥의 특징을 잘 보여주고 있으며, 온돌방 앞의 띠살창과 청방간의 분합문은 전통건축에서 볼 수 없던 것으로 개화기 이후 외래 건축문화와 주의식의 변화가 반영되어 나타난 것으로 전통건축의 변화하는 모습을 잘 보여주고 있으며 이러한 소박한 건축물에서 근대성과 지역성을 잘 반영된 건물이다."
국가유산,지방문화유산자료,함안 장춘사대웅전,https://www.haman.go.kr/02284/02294/02352.web,"함안군 칠북면 영동리 14번지 내 위치한 장춘사 대웅전
함안군 칠북면 영동리 14번지 내 위치한 장춘사 대웅전은 1979년에 신축한 건물로 팔작와가로 정면 3칸, 측면 2칸에 이른다. 대웅전 뒷편에는 맛배지붕으로 정면1칸, 측면1칸의 조그마한 약사전이 있는데 이 곳에 안치된 불상이 지정문화재로 보관되고 있는 약사여래좌상이다.
총 높이 94㎝, 흉위 40㎝로 비교적 작은 불상으로서 광배와 함께 1매석으로 조성하였는데 1978년 왼쪽 어깨부분에 오른편으로 금이 나있어 개금을 하여 불상과 광배의 조각수법을 전혀 알 길이 없다.
장춘사는 서기 832년 신라 42년에 흥덕왕 7년에 무량국사가 초장하였다고 전하고 있다. 이러한 문화적 가치와 계속적인 연구를 위해 1983년 7월 20일 문화재자료 제16호로 지정되어 계속적인 연구와 보호가 이루어지고 있다."
국가유산,지방문화유산자료,함안생육신조려유적,https://www.haman.go.kr/02284/02294/02353.web,"함안 생육신 조려 유적(咸安 生六臣 趙旅 遺蹟)은 경상남도 군북면 원북리에 있는, 생육신 조려와 관련된 서산서원과 채미정 그리고 원 서산서원 터인 원동재를 포함한 유적이다.
서산서원은 숙종 계미년(1703)에 경상도 유학 곽억령(郭億齡) 등이 생육신인 조려, 이맹전, 원호, 김시습, 남효온, 성담수 등의 제향을 위하여 창립한 서원이다. 숙종 계사년(1713)에 국가에서는 제물을 내리고 서산서원의 현판을 내렸으나 고종 신미년(1871) 서원철폐령에 의해 철거됐다가 그 후 조려선생의 후손들이 1981년에 복원하여 현재에 이르고 있다. 생육신의 충절과 절개를 배향하고 덕의를 숭모코자 세운 서원으로 조려선생을 포함하여 생육신 모두를 배향하고 있으며 현재까지 매년 음력 9월 9일 국천제의 향례를 지내 그 명맥을 이어가고 있다. 채미정은 조선 단종때 생육신의 한사람인 어계 조려가 세조의 왕위찬탈에 격분하여 조정을 등지고 고향에 돌아와 여생을 보낸 정자라고 전하며 채미정 현판 오른편에 백세, 외편에 청풍이란 현판이 있다. 원동재는서산서원의 원 터는 지금의 쌍절각 좌측 뒤편 대나무 밭을 포함한 군북 원북길 12의 원동재로 추정되며 현재의 규모보다는 작았고 부속공간으로 채미정을 추가 건립한 것으로 추정된다. 서원철폐령에 의해 철거된 원 터에는 이후 민가가 들어서고 마을이 형성되었으며 1981년 원 터와 가까운 현재의 위치에 서원을 이전·복원했다"
국가유산,지방문화유산자료,이경무만묵당집목판,https://www.haman.go.kr/02284/02294/02354.web,"권1은 문체별로 수록되어 있는데, 시(詩) 34편, 부(賦) 2편, 표(表) 1편, 의(疑) 1편, 서(書) 1편, 서(序) 1편, 제문(祭文) 23편, 상량문(上樑文) 1편, 잠(箴) 1편, 잡저(雜著) 2편이 있다. 시 34편 중에는 지인의 죽음을 애도하는 만시(輓詩)가 다수이다. 총 23편의 제문 중에는 박진영(朴震英), 조임도(趙任道)를 위시하여 함안 및 인근 지역의 명사들을 제사 지내는 글이 다수 포함되어 있다. 권2에는 행장(行狀), 묘갈명(墓碣銘) 등 이경무의 전기 자료와 이경무의 죽음을 애도하는 제문, 만장(輓章) 등이 수록되어 있다. 이경무의 행장은 함안에 거주하던 안몽백(安夢伯)이 1835년 9월에 지었고, 묘갈명은 1839년 4월 남구목(南屨穆)이 지었다. 제문 및 만장은 이경무의 제자 및 지인들이 지었는데, 그 수가 상당히 많다."
국가유산,지방문화유산자료,함안 칠원향교,https://www.haman.go.kr/02284/02294/02355.web,"1991년 12월 23일 문화재자료 제181호로 지정
함안군 칠원읍 용산리 299번지 내 위치한 칠원향교의 정확한 건립연대는 알려져 있지 않지만, 칠원읍지에 의하면 현(縣)의 서쪽에 있던 건물을 광해군 13년(1621) 현의 동쪽 삼리허(三里許)에 이건(移建)했다가 숙종 26년(1700) 현의 서쪽 지금의 위치에 다시 이건했다고 기록하고 있으나, 당시의 건물구조 및 규모는 알 수가 없다.
1906년 칠원군이 함안군에 통합되어 칠원향교도 함안향교에 병합되었던 것을 1961년 칠원유림들이 뜻을 모아 중수복원(重修復原)하여 다시 칠원향교의 이름으로 오늘에 이르고 있다.
이 향교는 외삼문, 명륜당, 내삼문, 대성전이 하나의 축상으로 일렬로 배치된 형식이다.
대성전은 정면 3칸, 측면 2칸의 팔작지붕인 민도리집 형식으로 전면에 툇마루가 없으며, 이 건물내에 공자(孔子)를 비롯해 중국성현 7위와 한국성현 18위를 모셔서 제향(祭享)하고 있고, 명륜당은 정면5칸, 측면 2칸의 팔작지붕 초익공계(初翼珙系) 집으로 되어 있으며, 1991년 12월 23일 문화재자료 제181호로 지정되었다."
국가유산,지방문화유산자료,원효암칠성각,https://www.haman.go.kr/02284/02294/02356.web,"원효암 칠성각은 원효대사와 의상대사가 수도한 곳
함안군 군북면 사촌4길 863 내 위치한 원효암 칠성각(元曉庵 七星閣)은 원효대사와 의상대사가 수도한 곳이라 전하나 창건연대와 연혁은 알 수 없고, 절의 이름을 원효암이라 하고 의상대(儀湘臺)가 있는 것으로 보아 의상대사가 창건한 것으로 추정되나 확실하지는 않다.
원효암은 6 · 25때 소실되고 의상대는 소실되지 않았으나, 창건연대는 미상이며, 사기(寺記)에 의하면 1370년 세운 것으로 기록되어 있다. 1983년 7월 20일 문화재자료 제15호로 지정되어 보호되고 있다."
국가유산,지방문화유산자료,조순장군비,https://www.haman.go.kr/02284/02294/02357.web,"조순장군비는 함안군 가야읍 검암리 586-1번지에 자리하고 있는 비(碑)로, 조순(趙純)장군의 지조(志操)를 기리고 있다.
조순은 고려 우왕의 총애를 받으며 여러 관직일을 맡아보면서 나랏일에 큰 영향력을 행사하였다. 요동을 정벌한 때 위화도에 이르러 이성계가 회군하려 하자, 이를 적극 반대하며 벼슬을 버리고 고향으로 돌아가 나오지 않았다.
이성계가 왕위에 오른 후 그를 여러번 불렀으나 끝내 나아가지 않았고 그가 죽은 후 왕이 그의 집 앞에 비를 세우도록 하여, 누구든 이 비를 지나갈 때에는 말에서 내릴 것을 명하였다.
비는 납작한 받침을 위로 비 몸을 세운 모습으로, 비의 윗면을 둥글게 다듬었다. 훗날 집 앞에 부서져 있던 것을 이 곳 완천당 박선생 유허비각(浣川堂 朴先生 遺墟砒閣) 안에 옮겨 보존하고 있으며, 1983년 7월 20일 문화재자료 제68호로 지정하였다"
국가유산,지방문화유산자료,함안 오비각,https://www.haman.go.kr/02284/02294/02358.web,"함안군 산인면 운곡리 96-1번지 내 위치한 오비각
함안군 산인면 운곡리 96-1번지 내 위치한 오비각은 독촌공(獨村公) 조종영(趙宗榮)의 효행을 널리 알리기 위하여 세운 정려각(旌閭閣)이다.
조종영은 조선 단종(1452~1455)때 생육신의 한 분인 어계조려(漁溪趙旅) 선생의 후손으로 학문과 행실이 두터웠으며, 효성이 지극하여 부모가 살아계실 때는 물론이고 돌아가신 후에도 변함이 없었다.
이러한 효행이 널리 알려져 고종 29년(1892)에 '효감유허비'(孝感遺墟碑)를 세웠으며, 광무 9년(1905)에 조정의 명령을 받아 정려각을 세웠다. 규모는 앞면 · 옆면 모두 1칸이며, 지붕은 옆에서 볼 때 여덟 팔자 모양인 팔작지붕이다.
지붕 처마를 받치기 위해 장식하여 만든 공포는 기둥 위와 기둥 사이에도 설치한 다포(多包)양식인데, 거북이 · 연꽃모양 등 여러 장식이 있어 화려한 형태를 가지고 있으며, 1991년 12월 23일 문화재자료 제182호로 지정되었다."
국가유산,지방문화유산자료,함안 악양루,https://www.haman.go.kr/02284/02294/02359.web,"악양마을 북쪽 절벽에 있는 정자
함안군 대산면 서촌리 산 122번지 내에 위치하며 악양마을 북쪽 절벽에 있는 정자로, 조선 철종 8년(1857)에 세운 것이라 한다.
악양루(岳陽樓)는 전망이 아주 좋은 곳에 자리잡고 있는데, 정자 아래로는 남강이 흐르고, 앞으로는 넓은 들판과 법수면의 제방이 한 눈에 들어온다.
한국전쟁 이후에 복원하였으며, 1963년에 고쳐지어 오늘에 이르고 있다. 앞면 3칸 · 옆면 2칸 규모의 건물로, 지붕은 옆면에서 볼 때 여덟 팔(八)자 모양인 팔작지붕이다.
정자의 이름은 중국의 명승지인 '악양'의 이름을 따서 지었다고 전한다. 지금은 '기두헌'(倚斗軒)과 청남 오재봉(菁南 吳齋峯)이 쓴 '악양루'라는 현판이 남아 있으며, 1992년 10월 21일 문화재자료 제190호로 지정되었다."
국가유산,지방문화유산자료,함안 광심정,https://www.haman.go.kr/02284/02294/02360.web,"용성송씨(龍城宋氏) 문중에서 젊은 사람들이 수학을 목적으로 건립한 정자
함안군 칠북면 봉촌리 230번지 내 위치한 광심정(廣心亭)은 조선 선조 2년(1569) 영산군 길곡리에 칩거하고 있던 용성송씨(龍城宋氏) 문중에서 젊은 사람들이 수학을 목적으로 건립한 정자(亭子)로서 조선 현종 5년(1664)에 성리학자인 송지일(宋知逸)선생이 선비들과 더불어 학문을 연구하기 위해 자신의 호를 따라서 광심정으로 편액(扁額)하였으며, 낙동강변의 절벽 위에 자리잡고 있다. 임진왜란(1592) 때 파손되어 여러 번 고쳐 지었다.
건물은 앞면 · 옆면 2칸 규모이며 지붕은 옆면에서 볼 때 여덟 팔자 모양인 팔작지붕이다.
앞쪽은 마루로 꾸몄고, 뒤쪽에는 방을 두었으며, 1995년 5월 2일 문화재자료 제217호로 지정되었다."
국가유산,지방문화유산자료,어연함안이씨어변갑묘,https://www.haman.go.kr/02284/02294/02361.web,"월정공 어연 선생과 부인 함안 이씨, 아들 면곡동 어변갑 선생의 묘소
함안군 산인면 내인리 35번지 내 위치한 어연 · 함안이씨 · 어변갑묘는 조선 초기의 문신인 월정공(月亭公) 어연(1345~1429) 선생과 부인 함안 이씨, 아들 면곡동(綿谷公) 어변갑(1380~1435) 선생의 묘소이다.
어연(魚然) 선생은 태종 9년(1409)에 충주판관이 되고 이후 대구현령이 되었으며, 세종 11년(1429)에 84세로 생을 마쳤다. 어변갑(魚變甲) 선생은 태종 8년(1408) 문과에 장원급제한 후 세종 2년(1420) 새로 발족한 집현전의 응교(應敎)로서 세자시강원좌문학(世子時講院左文學) 및 춘추관의 기주관(記注官)을 역임하였으며 태종실록 편찬에 참여하였다.
세종 6년(1424)에 집현전 직제학에 올랐으며, 세종 17년(1435) 향년 55세로 돌아가신 후 자헌대부 병조판서 겸 지의금부사로 추증(追贈)되고 고성 면곡서원(綿谷書院)에 배향되었다. 현재 묘역(墓域)에는 어연 선생과 부인 함안 이씨의 묘가 나란히 안장되었으며, 어변갑 선생과 부인 창녕 성씨는 합장이 되어 있다.
어변갑 선생의 묘는 조선조 초기에 설치된 희소한 적석장방형(積石長方形) 묘(墓)로 되어있어, 그 가치를 인정받아 1995년 5월 2일 문화재자료 제224호로 지정되었다."
국가유산,지방문화유산자료,함안대치리공룡발자국화석,https://www.haman.go.kr/02284/02294/02362.web,"2005년 10월에 함안박물관으로 이전하여 일반인들도 관람할 수 있도록 전시
대치리 공룡발자국화석은 현재의 철서지방산업단지(3,067,153 m²) 조성시 발견된 화석으로서 당초 동 산업단지 내 오·폐수 처리장에 보관하고 있던 것을 관리와 주변환경의 문제로 인해 2005년 10월에 함안박물관으로 이전하여 일반인들도 관람할 수 있도록 전시되어 있다.
중생대 백악기 때의 것으로 거대한 공룡발자국화석 70여 개가 있는데, 작은 발자국에는 발가락 자국까지 보인다.
발자국의 크기를 보면 약340∼360mm, 깊이 370mm로서 초식공룡이 4발로 기어다닌 것 보인다.
이 공룡발자국화석은 중생대 생태학 연구의 귀중한 자료로서 문화재자료로 지정하여 보전하고 있으며, 1993년 12월 27일 문화재자료 제205호로 지정되었다."
국가유산,지방문화유산자료,함안 칠원산성,https://www.haman.go.kr/02284/02294/02363.web,"1993년 12월 27일 문화재자료 제202호로 지정
칠원읍 유원에서 장암으로 향하는 길모퉁이인 장암교 서북쪽 구릉의 정상부위에 형성된 테뫼식 석축산성이다. 대정 6년도 고적조사보고에는 유원리산성이라 하여 석축성으로 소개하고 있다.
성이 입지한 곳은 자양산(해발 401.8m)이 북서쪽으로 뻗은 능선의 정상부에 해당되며 북쪽으로 어령, 도둑고개를 사이에 두고 안곡산성과 대치해 있다.
이는 안곡산성과의 호응관계를 시사하며 어령, 도둑고개의 차단에 두어졌음을 알게 한다. 성의 평면형은 능선의 길이방향에 따른 장타원형이다.
또한 이성은 산의 경사면에 의지한 내탁과 래국을 혼영하였으나 내탁식의 편축위주이다. 석재는 주변 야산에서 쉽게 구해지는 활석들이다.
1993년 12월 27일 문화재자료 제202호로 지정되었다."
국가유산,지방문화유산자료,함안 박한주 여표비,https://www.haman.go.kr/02284/02294/02364.web,"우졸재 박한주 선생의 공을 기리고자 세운 비
조선 전기의 문인인 우졸재(迂拙齋) 박한주(朴漢柱) 선생의 공을 기리고자 세운 비로써 함안군 가야읍 신음리 95번지에 소재하고 있다.
박한주(1459~1504)는 김종직의 문인으로 성종 16년(1485) 별시 문과에 감과로 급제하여 벼슬길에 오른 뒤 정언(正言), 헌납(獻納)을 거쳐 예천현감(醴泉縣監)으로 나갔다. 연산군때 간관(諫官)이 되어 왕의 실정(失政)을 극간(極諫)하고, 노사신(盧思愼) 임사홍(任士洪)을 탁핵하기도 하였다. 그 후 부모님을 모시기 위해 스스로 청하여 창녕현감으로 내려왔다.
현감으로 있으면서 어진 다스림을 펼쳐 임금이 비단과 교서로서 포상하였다. 연사군 4년 무오사화(1498)가 일어나자 붕당(朋黨)을 지어 국정을 비방하였다는 죄로 평북벽동(平北璧潼) 으로 유배되었고, 갑자사화(1504)로 인해 처형 당하였다.
중종반정 후에 억울한 죄명에서 풀려나 도승지로 추증되었으며 인조 7년(1629년)에 여표비(閭表碑)와 비각이 건립되어 오늘에 이르고 있으며 1997년 12월 31일 문화재자료 제261호로 지정하고 있다."
국가유산,지방문화유산자료,칠북배상엽관련고문서,https://www.haman.go.kr/02284/02294/02365.web,"조선 영조때 유학자 배상엽공의 충·효 정신을 기르기 위한 고문서
이 고문서는 조선 영조때 유학자 배상엽공의 충·효 정신을 기르기 위해 칠원현감을 비롯한 유학자, 화민(化民)등의 상서(上書), 등장(等將)등의 고문서이다.
배상엽공의 효행은 남달라 8세때 외근상을 당하여 애통해 하기를 노성인(老成人)과 같이 하였다 하였으며, 부모상을 당하여서는 3년을 여묘(廬墓)에서 살았으며 산에 들어가서 단을 쌓고 임금님의 수(壽)하심을 산같이 높게 하시라 빌기를 영조 36년(1760년)에 시작하여 영조 52년(1776년)까지 하였다 한다. 1999년 8월 3일 문화재자료 제280호로 지정되었다."
국가유산,지방문화유산자료,함안능가사칠성탱,https://www.haman.go.kr/02284/02294/02366.web,"함안 능가사칠성탱비단 바탕위에 먹과 채색안료를 사용하여 제작한 불화
함안 능가사칠성탱은 치성광여래(熾盛光如來)를 위시한 칠성여래(七星如來)와 일광 월광보살 및 칠원성군(七元星君)과 8권속을 비단 바탕위에 먹과 채색안료를 사용하여 제작한 불화이다. 전체적인 구도는 화면을 크게 양분하여 상단 중앙에는 청연화좌(靑蓮花座)에 결가부좌한 치성광여래를 일광·월광 두 협시보살과 함께 삼각형의 구도로 배치하고 있다.
협시보살 측면에는 좌우 각각 4구씩 8권속을 묘사하고 있으며, 주존 광배 후면 양 측면에는 6여래를 각가 3위씩 나누어 배치하고 있다. 하단에는 거의 화면 절반크기로 칠원성군을 큼직하게 배치한 후 뒷면을 구름으로 처리하여 상·하단 경계를 구분지었다. 주존인 치성광여래의 머리부분은 정상계주를 지닌 융기하는 모양의 육계와 나발을 먹으로 채색한 후 윤곽선을 감색선으로 처리하고 있다. 얼굴에는 바림질이 없는 면색 위에 세필을 사용하여 담묵 선묘의 눈, 코, 귀와 감색의 눈썹과 콧수염, 턱수염 및 호분으로 표현된 백호, 그리고 주색의 조그만 입 등이 짜임새가 있게 잘 묘사되어 있다.
이 칠성탱은 제작 당시의 화기가 없어 정확한 조성연대를 파악할 수 없지만, 가늘고 고른 세련된 필선에 의한 도상인물들의 한결같이 온화한 얼굴 표현과 비례감 있는 신체 표현, 주색, 녹색, 청색 및 양록색 안료의 적절한 설채(設彩) 등에서 조선후기 불화의 표현기법을 잘 보여주고 있다."
국가유산,지방문화유산자료,함안 윤환묘역,https://www.haman.go.kr/02284/02294/02367.web,"이 묘역은 윤환 묘와 그 아래에 있는 묘
이 묘역은 윤환 묘와 그 아래에 있는 묘로 이루어져 있는데, 윤환은 충렬왕때 태어나 우왕(禑王) 12년(1386) 4월에 별세한 인물로 충혜왕(忠惠王)부터 공민왕(恭愍王)에 이르기까지 여러 임금을 섬기고 세 차례 정승을 역임하였다.
1826년 2월에 세워진 그의 묘비에 의하면 “15세손 윤재건이 마침 창원부사에 제배되어 묘소를 배알하니, 송림은 예전과 같건만 상석과 망주는 이미 퇴락하였고 단갈은 어디로 갔는지?... 거제의 여러 후손들과 삼가 짦은 갈석을 세우고 다시 상석과 망주를 세운다. 그리하여 선대의 불후의 자취를 기록한다.” 하였다.
윤환의 15세손 윤재건(1769-1833)은 1805년에 무과에 급제하여 1825년 8월부터 1826년 7월까지 창원부사로 재임한 인물이다.
윤환의 묘는 현재 봉분은 거의 삭평되고 호석위에 약간 볼록한 정도로 남아 있고 담장은 비교적 형태를 잘 유지하고 있으나, 부분적으로 약간 무너진 곳도 있다.
윤환 묘역의 아래쪽에는 아들의 무덤으로 추정되는 장방형 호석을 돌린 묘가 1기 축조되어 있는데, 이 무덤의 주위에는 담장이나 참배단의 시설은 없다.
윤환 묘는 얇은 점판암을 평적하여 쌓은 방형호석을 돌린 무덤이며, 주변에는 호석과 같은 석재를 이용하여 ‘ㄷ' 자상의 담장을 돌리고 1단의 참배단을 조성하였다."
국가유산,지방문화유산자료,함안 동산정,https://www.haman.go.kr/02284/02294/02368.web,"동산정은 검암천의 절벽 위에 위치하는 근대기 정자건축
동산정은 검암천의 절벽 위에 위치하는 근대기 정자건축으로, 조선조 세조때 경상우도처치사와 병조판서를 지낸 이호성이 창건하고 그의 손자 이희조가 중수했다고 한다.
동산정은 산수가 수려한 함안군 가야읍 검암리에 자리 잡고 있다. 뒤는 산림이 울창한 동지산이 위호하고 앞은 항상 맑은 물이 흐르는 여항천이 있다. 동산정은 여항천에 면해 20여m의 절벽 위 절경에 자리 잡고 있다. 동산정은 사대부들이 處士的 취향을 가지고 고향의 풍속을 바로잡고 교화에 힘쓰고 학문 연구에 힘쓰던 중종대 창건되었다.
동산정은 정면 4간, 측면 2간 규모이다. 평면은 중앙부 2간에 온돌방을 꾸미고 그 좌우에 1×2간의 넓은 우물마루를 둔 형태이다. 이처럼 온돌방을 가운데 두고 그 주위에 마루를 배설하는 형태는 경남 서부지역과 호남의 정자건축에서 볼 수 있다.
온돌방의 정면과 측면에는 주간의 폭만큼 사분합문을 달았다. 온돌방 정면의 키 큰 띠살문은 머름이 없는 형태이고, 廳房間 분합문에는 근대형식의 팔각의 불발기가 달려 있다. 우측 온돌방과 마루 사이의 분합문은 네 짝을 모두 분실하여 최근에 새로 제작한 것이다. 그리고 온돌방 정면의 사분합문 위에는 채광을 고려하여 길게 교살의 고창을 설치해 놓았으며, 高窓의 중앙부에는 방형의 작은 환기창을 시설했다. 이러한 교살의 가로 긴 형태의 고창은 마루 양 측면의 판문 위에도 시설되어 있으며, 다만 여기에는 환기창이 없다.
동산정은 소로로 수장한 홑처마 팔작집이다. 시멘트 몰탈로 마감한 기단 위에 원형의 다듬은 초석을 놓고 원주를 세워 3량가의 지붕틀을 지지하는 구조이다. 기둥은 원주와 각주를 혼용했는데, 온돌방 주위에만 각주를 사용하고 나머지는 원주를 사용했다. 지붕 네 귀에는 연목을 마족연의 수법으로 걸었다.
사주문 형식의 소원문은 간략한 3량가의 홑처마 맞배집이다. 대들보 위에 짧은 동자주 대공을 놓아 종도리를 지지하고 있다.
조선중기 사대부들이 處士的 취향을 가지고 고향의 풍속을 바로잡고 교화에 힘쓰고 학문 연구에 힘쓰기 위해 정자를 짓고 소요하던 당시 사회상을 반영하여 창건되었다.
동산정은 구조수법이 견실하고 의장면에서 근대적인 성격이 강하게 반영되어 있어 근대기 정자건축의 특징과 변화양상을 잘 보여 준다."
국가유산,지방문화유산자료,청송심씨 퇴휴당 종중 문서,https://www.haman.go.kr/02284/02294/02369.web,"심명집과 관련된 문헌
무신란에 공훈을 세운 심태준(沈太俊 1690-1756)과 효행으로 정려를 받은 심명집(沈明楫 11808-1883)과 관련된 문헌으로, 효행을 포창하기 위해 인근 유림들이 본격적인 정장운동을 전개하기 전에 통문을 돌려 서로 분위기를 조성해 나가는 과정이 생생하게 드러나는 문서로 그 가치를 인정받아도 문화재자료로 지정됨."
국가유산,지방문화유산자료,함안구고사 승탑,https://www.haman.go.kr/02284/02294/02370.web,"17세기 후반의 조형물
팔각의 기단석 위에 중대석과 상대석을 갖추고 있는 조선전기 부도형식의 전통을 잇고 있는 17세기 후반의 조형물로 판단된다. 조선후기에 주로 보이는 석종형 부도와는 다른 유형으로, 부도의 양식적 흐름을 파악할 수 있는 자료이다."
국가유산,지방문화유산자료,함안 의학서당,https://www.haman.go.kr/02284/02294/02371.web,"의학서당은 건립 이후 영동마을의 중요한 교육기관으로 오랜 세월 그 역할을 해왔으며, 고종 5년(1868) 서원철폐령에 따라 훼철된 대양서원에 배향되었던 도곡 안정을 이 의학서당에 향사함으로써 서원의 기능을 가지고 있다. 또한 건물은 일부 현대적으로 수리된 것은 있지만 전체적으로는 건립 당시의 모습을 잘 간직하고 있으며, 조선시대에서 근대로 넘어가는 과도기의 근대한옥 특징을 살펴볼 수 있어 그 중요성이 있다."
국가유산,지방문화유산자료,함안 김윤순·김덕성 영세불망비,https://www.haman.go.kr/02284/02294/02372.web,"「김윤순․김덕성 영세불망비」는 정조 10년(1786년), 고을에 엄청난 기근이 들어 군민들이 나라에 바칠 세곡 부담이 가중되어 궁핍해지자 세곡 탕감을 위해 노력한 지역 부호인 김윤순․김덕성 두사람의 공을 기리기 위한 비이다. 처음 세운 불망비가 있었다고 하나 낡고 비각이 훼손되자 다시 세운 것으로 그들의 공덕을 기리기 위해 지역민들이 다시 세운 것이다. 이 비를 통해 당시 함안지역의 지배층과 피지배층간의 화합과 구휼(救恤)의 실상을 알 수 있다."
음식·숙박·특산물,음식점,모범음식점,https://www.haman.go.kr/02373/02374/02379.web,
음식·숙박·특산물,음식점,모범음식점지정기준,https://www.haman.go.kr/02373/02374/02766.web,
음식·숙박·특산물,음식점,함안맛집,https://www.haman.go.kr/02373/02374/02380.web,
음식·숙박·특산물,음식점,함안멋집(카페),https://www.haman.go.kr/02373/02374/03546.web,
음식·숙박·특산물,음식점,안심식당,https://www.haman.go.kr/02373/02374/02381.web,
음식·숙박·특산물,숙박,모텔/여관,https://www.haman.go.kr/02373/02375/02382.web,
음식·숙박·특산물,숙박,민박,https://www.haman.go.kr/02373/02375/02383.web,
음식·숙박·특산물,숙박,야영장,https://www.haman.go.kr/02373/02375/02384.web,
음식·숙박·특산물,전통시장,전체,https://www.haman.go.kr/02373/02377/02385.web,
음식·숙박·특산물,전통시장,가야전통시장,https://www.haman.go.kr/02373/02377/02386.web,
음식·숙박·특산물,전통시장,칠원전통시장,https://www.haman.go.kr/02373/02377/02387.web,
음식·숙박·특산물,전통시장,군북전통시장,https://www.haman.go.kr/02373/02377/02388.web,
음식·숙박·특산물,전통시장,대산전통시장,https://www.haman.go.kr/02373/02377/02389.web,
음식·숙박·특산물,온라인 등록신청,음식점등록신청,https://www.haman.go.kr/02373/02378/02390.web,
음식·숙박·특산물,온라인 등록신청,숙박점등록신청,https://www.haman.go.kr/02373/02378/02391.web,
관광안내,관광소식,공지사항,https://www.haman.go.kr/02392/02393/02399.web,
관광안내,교통안내,시외버스,https://www.haman.go.kr/02392/02394/02400.web,
관광안내,교통안내,공영버스(군내),https://www.haman.go.kr/02392/02394/02408.web,
관광안내,교통안내,농어촌버스(군내),https://www.haman.go.kr/02392/02394/02409.web,
관광안내,교통안내,농어촌버스(함안-창원),https://www.haman.go.kr/02392/02394/02410.web,
관광안내,교통안내,시내버스(창원),https://www.haman.go.kr/02392/02394/02411.web,
관광안내,교통안내,기차,https://www.haman.go.kr/02392/02394/02412.web,
관광안내,교통안내,택시,https://www.haman.go.kr/02392/02394/02413.web,
관광안내,관광E-BOOK,관광지도,https://www.haman.go.kr/02392/02395/02414.web,
관광안내,관광E-BOOK,각종 관광홍보물,https://www.haman.go.kr/02392/02395/02415.web,
관광안내,관광E-BOOK,함안행정지도,https://www.haman.go.kr/02392/02395/02424.web,
관광안내,관광E-BOOK,연계 시군 관광홍보물,https://www.haman.go.kr/02392/02395/02425.web,
관광안내,지도·기념품신청,관광지도신청,https://www.haman.go.kr/02392/02396/02426.web,
관광안내,지도·기념품신청,관광기념품신청,https://www.haman.go.kr/02392/02396/02427.web,
관광안내,여행가이드,문화관광해설사,https://www.haman.go.kr/02392/02397/02428.web,
관광안내,여행가이드,여행관련문의,https://www.haman.go.kr/02392/02397/02429.web,
관광안내,여행가이드,도움말,https://www.haman.go.kr/02392/02397/02430.web,
관광안내,여행갤러리,포토갤러리,https://www.haman.go.kr/02392/02398/02431.web,
관광안내,여행갤러리,영상갤러리,https://www.haman.go.kr/02392/02398/02432.web,
