대주제,중주제,소주제,링크
"#다시,함안",체험코스,관광프로그램신청,https://www.haman.go.kr/01833/01835/01836.web
"#다시,함안",체험코스,체험마을,https://www.haman.go.kr/01833/01835/01837.web
"#다시,함안",체험코스,추천여행코스,https://www.haman.go.kr/01833/01835/01838.web
"#다시,함안",체험코스,나의여행스케줄,https://www.haman.go.kr/01833/01835/01839.web
"#다시,함안",체험코스,나의스탬프보기,https://www.haman.go.kr/01833/01835/01840.web
함안여행,함안9경,1경,https://www.haman.go.kr/01834/01857/01863.web
함안여행,함안9경,2경,https://www.haman.go.kr/01834/01857/01864.web
함안여행,함안9경,3경,https://www.haman.go.kr/01834/01857/01865.web
함안여행,함안9경,4경,https://www.haman.go.kr/01834/01857/01866.web
함안여행,함안9경,5경,https://www.haman.go.kr/01834/01857/01867.web
함안여행,함안9경,6경,https://www.haman.go.kr/01834/01857/01868.web
함안여행,함안9경,7경,https://www.haman.go.kr/01834/01857/01869.web
함안여행,함안9경,8경,https://www.haman.go.kr/01834/01857/01870.web
함안여행,함안9경,9경,https://www.haman.go.kr/01834/01857/01871.web
함안여행,생태관광,전체,https://www.haman.go.kr/01834/01858/01872.web
함안여행,생태관광,입곡군립공원,https://www.haman.go.kr/01834/01858/01873.web
함안여행,생태관광,입곡문화공원,https://www.haman.go.kr/01834/01858/01874.web
함안여행,생태관광,악양생태공원,https://www.haman.go.kr/01834/01858/01875.web
함안여행,생태관광,연꽃테마파크,https://www.haman.go.kr/01834/01858/01876.web
함안여행,생태관광,함안악양둑방,https://www.haman.go.kr/01834/01858/01877.web
함안여행,생태관광,법수면늪지,https://www.haman.go.kr/01834/01858/01878.web
함안여행,산·둘레길,전체,https://www.haman.go.kr/01834/01859/01879.web
함안여행,산·둘레길,여항산,https://www.haman.go.kr/01834/01859/01880.web
함안여행,산·둘레길,방어산,https://www.haman.go.kr/01834/01859/01881.web
함안여행,산·둘레길,청룡산,https://www.haman.go.kr/01834/01859/01882.web
함안여행,산·둘레길,봉화산,https://www.haman.go.kr/01834/01859/01883.web
함안여행,산·둘레길,백이산,https://www.haman.go.kr/01834/01859/01884.web
함안여행,산·둘레길,검암산,https://www.haman.go.kr/01834/01859/01885.web
함안여행,산·둘레길,외범이산,https://www.haman.go.kr/01834/01859/01886.web
함안여행,산·둘레길,여항산둘레길,https://www.haman.go.kr/01834/01859/01887.web
함안여행,산·둘레길,별천계곡,https://www.haman.go.kr/01834/01859/01888.web
함안여행,역사여행,전체,https://www.haman.go.kr/01834/01860/01889.web
함안여행,역사여행,함안말이산고분군,https://www.haman.go.kr/01834/01860/01890.web
함안여행,역사여행,고려동유적지,https://www.haman.go.kr/01834/01860/01891.web
함안여행,역사여행,함안대산리석불,https://www.haman.go.kr/01834/01860/01892.web
함안여행,역사여행,방어산마애불,https://www.haman.go.kr/01834/01860/01893.web
함안여행,역사여행,무진정,https://www.haman.go.kr/01834/01860/01894.web
함안여행,역사여행,아라왕궁지,https://www.haman.go.kr/01834/01860/01895.web
함안여행,역사여행,장춘사 대웅전,https://www.haman.go.kr/01834/01860/01896.web
함안여행,역사여행,무산사,https://www.haman.go.kr/01834/01860/01897.web
함안여행,역사여행,함안무기연당,https://www.haman.go.kr/01834/01860/01898.web
함안여행,역사여행,서산서원,https://www.haman.go.kr/01834/01860/01899.web
함안여행,역사여행,원효암 칠성각,https://www.haman.go.kr/01834/01860/01900.web
함안여행,역사여행,채미정,https://www.haman.go.kr/01834/01860/01901.web
함안여행,역사여행,합강정,https://www.haman.go.kr/01834/01860/01902.web
함안여행,역사여행,함안악양루,https://www.haman.go.kr/01834/01860/01903.web
함안여행,역사여행,함안 광심정,https://www.haman.go.kr/01834/01860/01904.web
함안여행,문화/체육,전체,https://www.haman.go.kr/01834/01861/01905.web
함안여행,문화/체육,함안박물관,https://www.haman.go.kr/01834/01861/01906.web
함안여행,문화/체육,함안문화예술회관,https://www.haman.go.kr/01834/01861/01907.web
함안여행,문화/체육,함안문화원,https://www.haman.go.kr/01834/01861/01908.web
함안여행,문화/체육,함안공설운동장,https://www.haman.go.kr/01834/01861/01909.web
함안여행,문화/체육,국민체육센터,https://www.haman.go.kr/01834/01861/01910.web
함안여행,문화/체육,함안승마공원,https://www.haman.go.kr/01834/01861/01911.web
함안여행,문화/체육,함안스포츠타운,https://www.haman.go.kr/01834/01861/01912.web
함안여행,문화/체육,함주공원,https://www.haman.go.kr/01834/01861/01913.web
함안여행,문화/체육,충의공원,https://www.haman.go.kr/01834/01861/01914.web
함안여행,문화/체육,법수공원,https://www.haman.go.kr/01834/01861/01915.web
함안여행,문화/체육,창녕함안보,https://www.haman.go.kr/01834/01861/01916.web
함안여행,문화/체육,강나루오토캠핑장,https://www.haman.go.kr/01834/01861/01917.web
함안여행,문화/체육,애국지사산돌손양원기념관,https://www.haman.go.kr/01834/01861/01918.web
함안여행,문화/체육,대암 이태준 기념관,https://www.haman.go.kr/01834/01861/01919.web
함안여행,문화/체육,만우 조홍제 회장 생가,https://www.haman.go.kr/01834/01861/01920.web
함안여행,역사/인물,지명유래,https://www.haman.go.kr/01834/01862/01921.web
함안여행,역사/인물,전설,https://www.haman.go.kr/01834/01862/02166.web
함안여행,역사/인물,함안인물,https://www.haman.go.kr/01834/01862/01934.web
함안여행,역사/인물,아라홍련,https://www.haman.go.kr/01834/01862/02210.web
함안여행,역사/인물,추억으로보는함안,https://www.haman.go.kr/01834/01862/02211.web
함안축제,"열두 달, 축제",전체,https://www.haman.go.kr/02212/02213/02216.web
함안축제,"열두 달, 축제",아라가야문화제,https://www.haman.go.kr/02212/02213/02217.web
함안축제,"열두 달, 축제",처녀뱃사공전국가요제,https://www.haman.go.kr/02212/02213/02218.web
함안축제,"열두 달, 축제",함안낙화놀이,https://www.haman.go.kr/02212/02213/02219.web
함안축제,"열두 달, 축제",함안수박축제,https://www.haman.go.kr/02212/02213/02220.web
함안축제,"열두 달, 축제",강주해바라기축제,https://www.haman.go.kr/02212/02213/02221.web
함안축제,"열두 달, 축제",칠원고을(삼칠) 민속줄다리기,https://www.haman.go.kr/02212/02213/02222.web
함안축제,"열두 달, 축제",함안예술제,https://www.haman.go.kr/02212/02213/02223.web
함안축제,"열두 달, 축제",칠서 생태공원 청보리·작약 축제,https://www.haman.go.kr/02212/02213/03486.web
함안축제,행사/공연,행사/공연,https://www.haman.go.kr/02212/02214/02224.web
함안축제,연도별축제안내,함안군민의 날,https://www.haman.go.kr/02212/02215/02225.web
함안축제,연도별축제안내,아라가야문화제,http://www.araje.or.kr/
함안축제,연도별축제안내,함안수박축제,https://www.haman.go.kr/02212/02215/02227.web
국가유산,문화재현황,국가유산현황,https://www.haman.go.kr/02284/02285/02295.web
국가유산,보물,전체,https://www.haman.go.kr/02284/02286/02296.web
국가유산,보물,함안 대산리 석조삼존상,https://www.haman.go.kr/02284/02286/02297.web
국가유산,보물,함안 방어산 마애약사여래삼존입상,https://www.haman.go.kr/02284/02286/02298.web
국가유산,사적,전체,https://www.haman.go.kr/02284/02287/02299.web
국가유산,사적,함안말이산고분군,https://www.haman.go.kr/02284/02287/02300.web
국가유산,사적,함안성산산성,https://www.haman.go.kr/02284/02287/02301.web
국가유산,사적,함안 가야리 유적,https://www.haman.go.kr/02284/02287/02302.web
국가유산,천연기념물,전체,https://www.haman.go.kr/02284/02288/02303.web
국가유산,천연기념물,함안용산리함안층새발자국산지,https://www.haman.go.kr/02284/02288/02304.web
국가유산,천연기념물,함안영동리회화나무,https://www.haman.go.kr/02284/02288/02305.web
국가유산,천연기념물,함안대송리늪지식물,https://www.haman.go.kr/02284/02288/02306.web
국가유산,국가민속문화유산,전체,https://www.haman.go.kr/02284/02289/02307.web
국가유산,국가민속문화유산,함안무기연당,https://www.haman.go.kr/02284/02289/02308.web
국가유산,지방유형문화유산,전체,https://www.haman.go.kr/02284/02291/02320.web
국가유산,지방유형문화유산,함안향교,https://www.haman.go.kr/02284/02291/02321.web
국가유산,지방유형문화유산,함안내곡리청간정고문서,https://www.haman.go.kr/02284/02291/02322.web
국가유산,지방유형문화유산,함안 장춘사석조석가여래삼존좌상,https://www.haman.go.kr/02284/02291/02323.web
국가유산,지방유형문화유산,함안 달전사천지양명수륙재의찬요,https://www.haman.go.kr/02284/02291/02324.web
국가유산,지방유형문화유산,함안 무진정,https://www.haman.go.kr/02284/02291/02325.web
국가유산,지방유형문화유산,함안주리사지사자석탑,https://www.haman.go.kr/02284/02291/02326.web
국가유산,지방유형문화유산,함안 어계고택,https://www.haman.go.kr/02284/02291/02327.web
국가유산,지방유형문화유산,함안 무산사,https://www.haman.go.kr/02284/02291/02328.web
국가유산,지방유형문화유산,함안 장춘사 석조여래좌상,https://www.haman.go.kr/02284/02291/02329.web
국가유산,지방유형문화유산,이휴복 진무공신 교서,https://www.haman.go.kr/02284/02291/02330.web
국가유산,지방유형문화유산,함안 장춘사오층석탑,https://www.haman.go.kr/02284/02291/02331.web
국가유산,지방유형문화유산,주세붕영정,https://www.haman.go.kr/02284/02291/02332.web
국가유산,지방유형문화유산,무릉잡고책판및수구집귀봉집책판,https://www.haman.go.kr/02284/02291/02333.web
국가유산,지방유형문화유산,근재집책판,https://www.haman.go.kr/02284/02291/02334.web
국가유산,지방유형문화유산,간송문집 및 금라전신록책판,https://www.haman.go.kr/02284/02291/02335.web
국가유산,지방유형문화유산,국담문집책판,https://www.haman.go.kr/02284/02291/02336.web
국가유산,지방유형문화유산,회찬송악악무목왕정충록,https://www.haman.go.kr/02284/02291/02337.web
국가유산,지방유형문화유산,조익도공신록권및교지,https://www.haman.go.kr/02284/02291/02338.web
국가유산,지방기념물,전체,https://www.haman.go.kr/02284/02290/02309.web
국가유산,지방기념물,함안고려동유적지,https://www.haman.go.kr/02284/02290/02310.web
국가유산,지방기념물,함안 조려모,https://www.haman.go.kr/02284/02290/02311.web
국가유산,지방기념물,함안성점산성,https://www.haman.go.kr/02284/02290/02312.web
국가유산,지방기념물,함안파산봉수대,https://www.haman.go.kr/02284/02290/02313.web
국가유산,지방기념물,함안문암산성,https://www.haman.go.kr/02284/02290/02314.web
국가유산,지방기념물,함안포덕산성,https://www.haman.go.kr/02284/02290/02315.web
국가유산,지방기념물,함안외암리공룡발자국화석,https://www.haman.go.kr/02284/02290/02316.web
국가유산,지방기념물,함안군북지석묘군,https://www.haman.go.kr/02284/02290/02317.web
국가유산,지방기념물,함안 주세붕묘역,https://www.haman.go.kr/02284/02290/02318.web
국가유산,지방기념물,함안 조안묘역,https://www.haman.go.kr/02284/02290/02319.web
국가유산,지방무형유산,전체,https://www.haman.go.kr/02284/02292/02339.web
국가유산,지방무형유산,함안화천농악,https://www.haman.go.kr/02284/02292/02340.web
국가유산,지방무형유산,함안농요,https://www.haman.go.kr/02284/02292/02341.web
국가유산,지방무형유산,함안낙화놀이,https://www.haman.go.kr/02284/02292/02342.web
국가유산,지방민속문화유산,전체,https://www.haman.go.kr/02284/02293/02343.web
국가유산,지방민속문화유산,함안무기리주씨고가,https://www.haman.go.kr/02284/02293/02344.web
국가유산,지방문화유산자료,전체,https://www.haman.go.kr/02284/02294/02345.web
국가유산,지방문화유산자료,함안 덕연서원,https://www.haman.go.kr/02284/02294/02346.web
국가유산,지방문화유산자료,함안백암사석조여래좌상,https://www.haman.go.kr/02284/02294/02347.web
국가유산,지방문화유산자료,함안 충순당,https://www.haman.go.kr/02284/02294/02348.web
국가유산,지방문화유산자료,함안충순당정려각,https://www.haman.go.kr/02284/02294/02349.web
국가유산,지방문화유산자료,함안명관리공룡발자국,https://www.haman.go.kr/02284/02294/02350.web
국가유산,지방문화유산자료,함안청계서당,https://www.haman.go.kr/02284/02294/02351.web
국가유산,지방문화유산자료,함안 장춘사대웅전,https://www.haman.go.kr/02284/02294/02352.web
국가유산,지방문화유산자료,함안생육신조려유적,https://www.haman.go.kr/02284/02294/02353.web
국가유산,지방문화유산자료,이경무만묵당집목판,https://www.haman.go.kr/02284/02294/02354.web
국가유산,지방문화유산자료,함안 칠원향교,https://www.haman.go.kr/02284/02294/02355.web
국가유산,지방문화유산자료,원효암칠성각,https://www.haman.go.kr/02284/02294/02356.web
국가유산,지방문화유산자료,조순장군비,https://www.haman.go.kr/02284/02294/02357.web
국가유산,지방문화유산자료,함안 오비각,https://www.haman.go.kr/02284/02294/02358.web
국가유산,지방문화유산자료,함안 악양루,https://www.haman.go.kr/02284/02294/02359.web
국가유산,지방문화유산자료,함안 광심정,https://www.haman.go.kr/02284/02294/02360.web
국가유산,지방문화유산자료,어연함안이씨어변갑묘,https://www.haman.go.kr/02284/02294/02361.web
국가유산,지방문화유산자료,함안대치리공룡발자국화석,https://www.haman.go.kr/02284/02294/02362.web
국가유산,지방문화유산자료,함안 칠원산성,https://www.haman.go.kr/02284/02294/02363.web
국가유산,지방문화유산자료,함안 박한주 여표비,https://www.haman.go.kr/02284/02294/02364.web
국가유산,지방문화유산자료,칠북배상엽관련고문서,https://www.haman.go.kr/02284/02294/02365.web
국가유산,지방문화유산자료,함안능가사칠성탱,https://www.haman.go.kr/02284/02294/02366.web
국가유산,지방문화유산자료,함안 윤환묘역,https://www.haman.go.kr/02284/02294/02367.web
국가유산,지방문화유산자료,함안 동산정,https://www.haman.go.kr/02284/02294/02368.web
국가유산,지방문화유산자료,청송심씨 퇴휴당 종중 문서,https://www.haman.go.kr/02284/02294/02369.web
국가유산,지방문화유산자료,함안구고사 승탑,https://www.haman.go.kr/02284/02294/02370.web
국가유산,지방문화유산자료,함안 의학서당,https://www.haman.go.kr/02284/02294/02371.web
국가유산,지방문화유산자료,함안 김윤순·김덕성 영세불망비,https://www.haman.go.kr/02284/02294/02372.web
음식·숙박·특산물,음식점,모범음식점,https://www.haman.go.kr/02373/02374/02379.web
음식·숙박·특산물,음식점,모범음식점지정기준,https://www.haman.go.kr/02373/02374/02766.web
음식·숙박·특산물,음식점,함안맛집,https://www.haman.go.kr/02373/02374/02380.web
음식·숙박·특산물,음식점,함안멋집(카페),https://www.haman.go.kr/02373/02374/03546.web
음식·숙박·특산물,음식점,안심식당,https://www.haman.go.kr/02373/02374/02381.web
음식·숙박·특산물,숙박,모텔/여관,https://www.haman.go.kr/02373/02375/02382.web
음식·숙박·특산물,숙박,민박,https://www.haman.go.kr/02373/02375/02383.web
음식·숙박·특산물,숙박,야영장,https://www.haman.go.kr/02373/02375/02384.web
음식·숙박·특산물,전통시장,전체,https://www.haman.go.kr/02373/02377/02385.web
음식·숙박·특산물,전통시장,가야전통시장,https://www.haman.go.kr/02373/02377/02386.web
음식·숙박·특산물,전통시장,칠원전통시장,https://www.haman.go.kr/02373/02377/02387.web
음식·숙박·특산물,전통시장,군북전통시장,https://www.haman.go.kr/02373/02377/02388.web
음식·숙박·특산물,전통시장,대산전통시장,https://www.haman.go.kr/02373/02377/02389.web
음식·숙박·특산물,온라인 등록신청,음식점등록신청,https://www.haman.go.kr/02373/02378/02390.web
음식·숙박·특산물,온라인 등록신청,숙박점등록신청,https://www.haman.go.kr/02373/02378/02391.web
관광안내,관광소식,공지사항,https://www.haman.go.kr/02392/02393/02399.web
관광안내,교통안내,시외버스,https://www.haman.go.kr/02392/02394/02400.web
관광안내,교통안내,공영버스(군내),https://www.haman.go.kr/02392/02394/02408.web
관광안내,교통안내,농어촌버스(군내),https://www.haman.go.kr/02392/02394/02409.web
관광안내,교통안내,농어촌버스(함안-창원),https://www.haman.go.kr/02392/02394/02410.web
관광안내,교통안내,시내버스(창원),https://www.haman.go.kr/02392/02394/02411.web
관광안내,교통안내,기차,https://www.haman.go.kr/02392/02394/02412.web
관광안내,교통안내,택시,https://www.haman.go.kr/02392/02394/02413.web
관광안내,관광E-BOOK,관광지도,https://www.haman.go.kr/02392/02395/02414.web
관광안내,관광E-BOOK,각종 관광홍보물,https://www.haman.go.kr/02392/02395/02415.web
관광안내,관광E-BOOK,함안행정지도,https://www.haman.go.kr/02392/02395/02424.web
관광안내,관광E-BOOK,연계 시군 관광홍보물,https://www.haman.go.kr/02392/02395/02425.web
관광안내,지도·기념품신청,관광지도신청,https://www.haman.go.kr/02392/02396/02426.web
관광안내,지도·기념품신청,관광기념품신청,https://www.haman.go.kr/02392/02396/02427.web
관광안내,여행가이드,문화관광해설사,https://www.haman.go.kr/02392/02397/02428.web
관광안내,여행가이드,여행관련문의,https://www.haman.go.kr/02392/02397/02429.web
관광안내,여행가이드,도움말,https://www.haman.go.kr/02392/02397/02430.web
관광안내,여행갤러리,포토갤러리,https://www.haman.go.kr/02392/02398/02431.web
관광안내,여행갤러리,영상갤러리,https://www.haman.go.kr/02392/02398/02432.web
